{"30": {"url": "https://api.github.com/repos/mrjoes/flask-admin/pulls/30", "id": 72137089, "node_id": "MDExOlB1bGxSZXF1ZXN0NzIxMzcwODk=", "html_url": "https://github.com/mrjoes/flask-admin/pull/30", "diff_url": "https://github.com/mrjoes/flask-admin/pull/30.diff", "patch_url": "https://github.com/mrjoes/flask-admin/pull/30.patch", "issue_url": "https://api.github.com/repos/mrjoes/flask-admin/issues/30", "number": 30, "state": "open", "locked": false, "title": "Create .gitignore", "user": {"login": "mohsenuss91", "id": 6825816, "node_id": "MDQ6VXNlcjY4MjU4MTY=", "avatar_url": "https://avatars0.githubusercontent.com/u/6825816?v=4", "gravatar_id": "", "url": "https://api.github.com/users/mohsenuss91", "html_url": "https://github.com/mohsenuss91", "followers_url": "https://api.github.com/users/mohsenuss91/followers", "following_url": "https://api.github.com/users/mohsenuss91/following{/other_user}", "gists_url": "https://api.github.com/users/mohsenuss91/gists{/gist_id}", "starred_url": "https://api.github.com/users/mohsenuss91/starred{/owner}{/repo}", "subscriptions_url": "https://api.github.com/users/mohsenuss91/subscriptions", "organizations_url": "https://api.github.com/users/mohsenuss91/orgs", "repos_url": "https://api.github.com/users/mohsenuss91/repos", "events_url": "https://api.github.com/users/mohsenuss91/events{/privacy}", "received_events_url": "https://api.github.com/users/mohsenuss91/received_events", "type": "User", "site_admin": false}, "body": "", "created_at": "2016-06-01T07:56:40Z", "updated_at": "2016-12-15T21:41:05Z", "closed_at": null, "merged_at": null, "merge_commit_sha": "c730bc70eb994db0d746e42158ea6383fefbfa61", "assignee": null, "assignees": [], "requested_reviewers": [], "requested_teams": [], "labels": [], "milestone": null, "commits_url": "https://api.github.com/repos/mrjoes/flask-admin/pulls/30/commits", "review_comments_url": "https://api.github.com/repos/mrjoes/flask-admin/pulls/30/comments", "review_comment_url": "https://api.github.com/repos/mrjoes/flask-admin/pulls/comments{/number}", "comments_url": "https://api.github.com/repos/mrjoes/flask-admin/issues/30/comments", "statuses_url": "https://api.github.com/repos/mrjoes/flask-admin/statuses/1352adeb336548353d6445823bb817f5bc3d643b", "head": {"label": "mohsenuss91:patch-1", "ref": "patch-1", "sha": "1352adeb336548353d6445823bb817f5bc3d643b", "user": {"login": "mohsenuss91", "id": 6825816, "node_id": "MDQ6VXNlcjY4MjU4MTY=", "avatar_url": "https://avatars0.githubusercontent.com/u/6825816?v=4", "gravatar_id": "", "url": "https://api.github.com/users/mohsenuss91", "html_url": "https://github.com/mohsenuss91", "followers_url": "https://api.github.com/users/mohsenuss91/followers", "following_url": "https://api.github.com/users/mohsenuss91/following{/other_user}", "gists_url": "https://api.github.com/users/mohsenuss91/gists{/gist_id}", "starred_url": "https://api.github.com/users/mohsenuss91/starred{/owner}{/repo}", "subscriptions_url": "https://api.github.com/users/mohsenuss91/subscriptions", "organizations_url": "https://api.github.com/users/mohsenuss91/orgs", "repos_url": "https://api.github.com/users/mohsenuss91/repos", "events_url": "https://api.github.com/users/mohsenuss91/events{/privacy}", "received_events_url": "https://api.github.com/users/mohsenuss91/received_events", "type": "User", "site_admin": false}, "repo": {"id": 60156837, "node_id": "MDEwOlJlcG9zaXRvcnk2MDE1NjgzNw==", "name": "flask-admin", "full_name": "mohsenuss91/flask-admin", "owner": {"login": "mohsenuss91", "id": 6825816, "node_id": "MDQ6VXNlcjY4MjU4MTY=", "avatar_url": "https://avatars0.githubusercontent.com/u/6825816?v=4", "gravatar_id": "", "url": "https://api.github.com/users/mohsenuss91", "html_url": "https://github.com/mohsenuss91", "followers_url": "https://api.github.com/users/mohsenuss91/followers", "following_url": "https://api.github.com/users/mohsenuss91/following{/other_user}", "gists_url": "https://api.github.com/users/mohsenuss91/gists{/gist_id}", "starred_url": "https://api.github.com/users/mohsenuss91/starred{/owner}{/repo}", "subscriptions_url": "https://api.github.com/users/mohsenuss91/subscriptions", "organizations_url": "https://api.github.com/users/mohsenuss91/orgs", "repos_url": "https://api.github.com/users/mohsenuss91/repos", "events_url": "https://api.github.com/users/mohsenuss91/events{/privacy}", "received_events_url": "https://api.github.com/users/mohsenuss91/received_events", "type": "User", "site_admin": false}, "private": false, "html_url": "https://github.com/mohsenuss91/flask-admin", "description": "Simple and extensible administrative interface framework for Flask", "fork": true, "url": "https://api.github.com/repos/mohsenuss91/flask-admin", "forks_url": "https://api.github.com/repos/mohsenuss91/flask-admin/forks", "keys_url": "https://api.github.com/repos/mohsenuss91/flask-admin/keys{/key_id}", "collaborators_url": "https://api.github.com/repos/mohsenuss91/flask-admin/collaborators{/collaborator}", "teams_url": "https://api.github.com/repos/mohsenuss91/flask-admin/teams", "hooks_url": "https://api.github.com/repos/mohsenuss91/flask-admin/hooks", "issue_events_url": "https://api.github.com/repos/mohsenuss91/flask-admin/issues/events{/number}", "events_url": "https://api.github.com/repos/mohsenuss91/flask-admin/events", "assignees_url": "https://api.github.com/repos/mohsenuss91/flask-admin/assignees{/user}", "branches_url": "https://api.github.com/repos/mohsenuss91/flask-admin/branches{/branch}", "tags_url": "https://api.github.com/repos/mohsenuss91/flask-admin/tags", "blobs_url": "https://api.github.com/repos/mohsenuss91/flask-admin/git/blobs{/sha}", "git_tags_url": "https://api.github.com/repos/mohsenuss91/flask-admin/git/tags{/sha}", "git_refs_url": "https://api.github.com/repos/mohsenuss91/flask-admin/git/refs{/sha}", "trees_url": "https://api.github.com/repos/mohsenuss91/flask-admin/git/trees{/sha}", "statuses_url": "https://api.github.com/repos/mohsenuss91/flask-admin/statuses/{sha}", "languages_url": "https://api.github.com/repos/mohsenuss91/flask-admin/languages", "stargazers_url": "https://api.github.com/repos/mohsenuss91/flask-admin/stargazers", "contributors_url": "https://api.github.com/repos/mohsenuss91/flask-admin/contributors", "subscribers_url": "https://api.github.com/repos/mohsenuss91/flask-admin/subscribers", "subscription_url": "https://api.github.com/repos/mohsenuss91/flask-admin/subscription", "commits_url": "https://api.github.com/repos/mohsenuss91/flask-admin/commits{/sha}", "git_commits_url": "https://api.github.com/repos/mohsenuss91/flask-admin/git/commits{/sha}", "comments_url": "https://api.github.com/repos/mohsenuss91/flask-admin/comments{/number}", "issue_comment_url": "https://api.github.com/repos/mohsenuss91/flask-admin/issues/comments{/number}", "contents_url": "https://api.github.com/repos/mohsenuss91/flask-admin/contents/{+path}", "compare_url": "https://api.github.com/repos/mohsenuss91/flask-admin/compare/{base}...{head}", "merges_url": "https://api.github.com/repos/mohsenuss91/flask-admin/merges", "archive_url": "https://api.github.com/repos/mohsenuss91/flask-admin/{archive_format}{/ref}", "downloads_url": "https://api.github.com/repos/mohsenuss91/flask-admin/downloads", "issues_url": "https://api.github.com/repos/mohsenuss91/flask-admin/issues{/number}", "pulls_url": "https://api.github.com/repos/mohsenuss91/flask-admin/pulls{/number}", "milestones_url": "https://api.github.com/repos/mohsenuss91/flask-admin/milestones{/number}", "notifications_url": "https://api.github.com/repos/mohsenuss91/flask-admin/notifications{?since,all,participating}", "labels_url": "https://api.github.com/repos/mohsenuss91/flask-admin/labels{/name}", "releases_url": "https://api.github.com/repos/mohsenuss91/flask-admin/releases{/id}", "deployments_url": "https://api.github.com/repos/mohsenuss91/flask-admin/deployments", "created_at": "2016-06-01T07:56:11Z", "updated_at": "2016-06-01T07:56:12Z", "pushed_at": "2016-06-01T07:56:31Z", "git_url": "git://github.com/mohsenuss91/flask-admin.git", "ssh_url": "git@github.com:mohsenuss91/flask-admin.git", "clone_url": "https://github.com/mohsenuss91/flask-admin.git", "svn_url": "https://github.com/mohsenuss91/flask-admin", "homepage": null, "size": 4964, "stargazers_count": 0, "watchers_count": 0, "language": "Python", "has_issues": false, "has_projects": true, "has_downloads": true, "has_wiki": true, "has_pages": false, "forks_count": 0, "mirror_url": null, "archived": false, "open_issues_count": 0, "license": {"key": "other", "name": "Other", "spdx_id": null, "url": null, "node_id": "MDc6TGljZW5zZTA="}, "forks": 0, "open_issues": 0, "watchers": 0, "default_branch": "master"}}, "base": {"label": "mrjoes:master", "ref": "master", "sha": "402b56ea844dc5b215f6293e7dc63f39a6723692", "user": {"login": "mrjoes", "id": 179880, "node_id": "MDQ6VXNlcjE3OTg4MA==", "avatar_url": "https://avatars1.githubusercontent.com/u/179880?v=4", "gravatar_id": "", "url": "https://api.github.com/users/mrjoes", "html_url": "https://github.com/mrjoes", "followers_url": "https://api.github.com/users/mrjoes/followers", "following_url": "https://api.github.com/users/mrjoes/following{/other_user}", "gists_url": "https://api.github.com/users/mrjoes/gists{/gist_id}", "starred_url": "https://api.github.com/users/mrjoes/starred{/owner}{/repo}", "subscriptions_url": "https://api.github.com/users/mrjoes/subscriptions", "organizations_url": "https://api.github.com/users/mrjoes/orgs", "repos_url": "https://api.github.com/users/mrjoes/repos", "events_url": "https://api.github.com/users/mrjoes/events{/privacy}", "received_events_url": "https://api.github.com/users/mrjoes/received_events", "type": "User", "site_admin": false}, "repo": {"id": 34269124, "node_id": "MDEwOlJlcG9zaXRvcnkzNDI2OTEyNA==", "name": "flask-admin", "full_name": "mrjoes/flask-admin", "owner": {"login": "mrjoes", "id": 179880, "node_id": "MDQ6VXNlcjE3OTg4MA==", "avatar_url": "https://avatars1.githubusercontent.com/u/179880?v=4", "gravatar_id": "", "url": "https://api.github.com/users/mrjoes", "html_url": "https://github.com/mrjoes", "followers_url": "https://api.github.com/users/mrjoes/followers", "following_url": "https://api.github.com/users/mrjoes/following{/other_user}", "gists_url": "https://api.github.com/users/mrjoes/gists{/gist_id}", "starred_url": "https://api.github.com/users/mrjoes/starred{/owner}{/repo}", "subscriptions_url": "https://api.github.com/users/mrjoes/subscriptions", "organizations_url": "https://api.github.com/users/mrjoes/orgs", "repos_url": "https://api.github.com/users/mrjoes/repos", "events_url": "https://api.github.com/users/mrjoes/events{/privacy}", "received_events_url": "https://api.github.com/users/mrjoes/received_events", "type": "User", "site_admin": false}, "private": false, "html_url": "https://github.com/mrjoes/flask-admin", "description": "Simple and extensible administrative interface framework for Flask", "fork": false, "url": "https://api.github.com/repos/mrjoes/flask-admin", "forks_url": "https://api.github.com/repos/mrjoes/flask-admin/forks", "keys_url": "https://api.github.com/repos/mrjoes/flask-admin/keys{/key_id}", "collaborators_url": "https://api.github.com/repos/mrjoes/flask-admin/collaborators{/collaborator}", "teams_url": "https://api.github.com/repos/mrjoes/flask-admin/teams", "hooks_url": "https://api.github.com/repos/mrjoes/flask-admin/hooks", "issue_events_url": "https://api.github.com/repos/mrjoes/flask-admin/issues/events{/number}", "events_url": "https://api.github.com/repos/mrjoes/flask-admin/events", "assignees_url": "https://api.github.com/repos/mrjoes/flask-admin/assignees{/user}", "branches_url": "https://api.github.com/repos/mrjoes/flask-admin/branches{/branch}", "tags_url": "https://api.github.com/repos/mrjoes/flask-admin/tags", "blobs_url": "https://api.github.com/repos/mrjoes/flask-admin/git/blobs{/sha}", "git_tags_url": "https://api.github.com/repos/mrjoes/flask-admin/git/tags{/sha}", "git_refs_url": "https://api.github.com/repos/mrjoes/flask-admin/git/refs{/sha}", "trees_url": "https://api.github.com/repos/mrjoes/flask-admin/git/trees{/sha}", "statuses_url": "https://api.github.com/repos/mrjoes/flask-admin/statuses/{sha}", "languages_url": "https://api.github.com/repos/mrjoes/flask-admin/languages", "stargazers_url": "https://api.github.com/repos/mrjoes/flask-admin/stargazers", "contributors_url": "https://api.github.com/repos/mrjoes/flask-admin/contributors", "subscribers_url": "https://api.github.com/repos/mrjoes/flask-admin/subscribers", "subscription_url": "https://api.github.com/repos/mrjoes/flask-admin/subscription", "commits_url": "https://api.github.com/repos/mrjoes/flask-admin/commits{/sha}", "git_commits_url": "https://api.github.com/repos/mrjoes/flask-admin/git/commits{/sha}", "comments_url": "https://api.github.com/repos/mrjoes/flask-admin/comments{/number}", "issue_comment_url": "https://api.github.com/repos/mrjoes/flask-admin/issues/comments{/number}", "contents_url": "https://api.github.com/repos/mrjoes/flask-admin/contents/{+path}", "compare_url": "https://api.github.com/repos/mrjoes/flask-admin/compare/{base}...{head}", "merges_url": "https://api.github.com/repos/mrjoes/flask-admin/merges", "archive_url": "https://api.github.com/repos/mrjoes/flask-admin/{archive_format}{/ref}", "downloads_url": "https://api.github.com/repos/mrjoes/flask-admin/downloads", "issues_url": "https://api.github.com/repos/mrjoes/flask-admin/issues{/number}", "pulls_url": "https://api.github.com/repos/mrjoes/flask-admin/pulls{/number}", "milestones_url": "https://api.github.com/repos/mrjoes/flask-admin/milestones{/number}", "notifications_url": "https://api.github.com/repos/mrjoes/flask-admin/notifications{?since,all,participating}", "labels_url": "https://api.github.com/repos/mrjoes/flask-admin/labels{/name}", "releases_url": "https://api.github.com/repos/mrjoes/flask-admin/releases{/id}", "deployments_url": "https://api.github.com/repos/mrjoes/flask-admin/deployments", "created_at": "2015-04-20T15:33:41Z", "updated_at": "2018-08-04T01:26:57Z", "pushed_at": "2016-06-01T07:56:40Z", "git_url": "git://github.com/mrjoes/flask-admin.git", "ssh_url": "git@github.com:mrjoes/flask-admin.git", "clone_url": "https://github.com/mrjoes/flask-admin.git", "svn_url": "https://github.com/mrjoes/flask-admin", "homepage": null, "size": 5067, "stargazers_count": 112, "watchers_count": 112, "language": "Python", "has_issues": true, "has_projects": true, "has_downloads": true, "has_wiki": true, "has_pages": false, "forks_count": 68, "mirror_url": null, "archived": false, "open_issues_count": 25, "license": {"key": "other", "name": "Other", "spdx_id": null, "url": null, "node_id": "MDc6TGljZW5zZTA="}, "forks": 68, "open_issues": 25, "watchers": 112, "default_branch": "master"}}, "_links": {"self": {"href": "https://api.github.com/repos/mrjoes/flask-admin/pulls/30"}, "html": {"href": "https://github.com/mrjoes/flask-admin/pull/30"}, "issue": {"href": "https://api.github.com/repos/mrjoes/flask-admin/issues/30"}, "comments": {"href": "https://api.github.com/repos/mrjoes/flask-admin/issues/30/comments"}, "review_comments": {"href": "https://api.github.com/repos/mrjoes/flask-admin/pulls/30/comments"}, "review_comment": {"href": "https://api.github.com/repos/mrjoes/flask-admin/pulls/comments{/number}"}, "commits": {"href": "https://api.github.com/repos/mrjoes/flask-admin/pulls/30/commits"}, "statuses": {"href": "https://api.github.com/repos/mrjoes/flask-admin/statuses/1352adeb336548353d6445823bb817f5bc3d643b"}}, "author_association": "NONE", "merged": false, "mergeable": true, "rebaseable": false, "mergeable_state": "blocked", "merged_by": null, "comments": 1, "review_comments": 0, "maintainer_can_modify": false, "commits": 1, "additions": 62, "deletions": 0, "changed_files": 1}, "28": {"url": "https://api.github.com/repos/mrjoes/flask-admin/pulls/28", "id": 63491021, "node_id": "MDExOlB1bGxSZXF1ZXN0NjM0OTEwMjE=", "html_url": "https://github.com/mrjoes/flask-admin/pull/28", "diff_url": "https://github.com/mrjoes/flask-admin/pull/28.diff", "patch_url": "https://github.com/mrjoes/flask-admin/pull/28.patch", "issue_url": "https://api.github.com/repos/mrjoes/flask-admin/issues/28", "number": 28, "state": "closed", "locked": false, "title": "Don't use  in javascrip urls #27", "user": {"login": "erm0l0v", "id": 1074603, "node_id": "MDQ6VXNlcjEwNzQ2MDM=", "avatar_url": "https://avatars2.githubusercontent.com/u/1074603?v=4", "gravatar_id": "", "url": "https://api.github.com/users/erm0l0v", "html_url": "https://github.com/erm0l0v", "followers_url": "https://api.github.com/users/erm0l0v/followers", "following_url": "https://api.github.com/users/erm0l0v/following{/other_user}", "gists_url": "https://api.github.com/users/erm0l0v/gists{/gist_id}", "starred_url": "https://api.github.com/users/erm0l0v/starred{/owner}{/repo}", "subscriptions_url": "https://api.github.com/users/erm0l0v/subscriptions", "organizations_url": "https://api.github.com/users/erm0l0v/orgs", "repos_url": "https://api.github.com/users/erm0l0v/repos", "events_url": "https://api.github.com/users/erm0l0v/events{/privacy}", "received_events_url": "https://api.github.com/users/erm0l0v/received_events", "type": "User", "site_admin": false}, "body": "", "created_at": "2016-03-20T09:37:32Z", "updated_at": "2016-03-20T14:34:38Z", "closed_at": "2016-03-20T14:34:38Z", "merged_at": null, "merge_commit_sha": "a5debd5f0df92937a3b8f334c63bdea0001c1050", "assignee": null, "assignees": [], "requested_reviewers": [], "requested_teams": [], "labels": [], "milestone": null, "commits_url": "https://api.github.com/repos/mrjoes/flask-admin/pulls/28/commits", "review_comments_url": "https://api.github.com/repos/mrjoes/flask-admin/pulls/28/comments", "review_comment_url": "https://api.github.com/repos/mrjoes/flask-admin/pulls/comments{/number}", "comments_url": "https://api.github.com/repos/mrjoes/flask-admin/issues/28/comments", "statuses_url": "https://api.github.com/repos/mrjoes/flask-admin/statuses/ed2a714f00e4ebb2d108bfcfdcfbe103d7928732", "head": {"label": "erm0l0v:master", "ref": "master", "sha": "ed2a714f00e4ebb2d108bfcfdcfbe103d7928732", "user": {"login": "erm0l0v", "id": 1074603, "node_id": "MDQ6VXNlcjEwNzQ2MDM=", "avatar_url": "https://avatars2.githubusercontent.com/u/1074603?v=4", "gravatar_id": "", "url": "https://api.github.com/users/erm0l0v", "html_url": "https://github.com/erm0l0v", "followers_url": "https://api.github.com/users/erm0l0v/followers", "following_url": "https://api.github.com/users/erm0l0v/following{/other_user}", "gists_url": "https://api.github.com/users/erm0l0v/gists{/gist_id}", "starred_url": "https://api.github.com/users/erm0l0v/starred{/owner}{/repo}", "subscriptions_url": "https://api.github.com/users/erm0l0v/subscriptions", "organizations_url": "https://api.github.com/users/erm0l0v/orgs", "repos_url": "https://api.github.com/users/erm0l0v/repos", "events_url": "https://api.github.com/users/erm0l0v/events{/privacy}", "received_events_url": "https://api.github.com/users/erm0l0v/received_events", "type": "User", "site_admin": false}, "repo": null}, "base": {"label": "mrjoes:master", "ref": "master", "sha": "402b56ea844dc5b215f6293e7dc63f39a6723692", "user": {"login": "mrjoes", "id": 179880, "node_id": "MDQ6VXNlcjE3OTg4MA==", "avatar_url": "https://avatars1.githubusercontent.com/u/179880?v=4", "gravatar_id": "", "url": "https://api.github.com/users/mrjoes", "html_url": "https://github.com/mrjoes", "followers_url": "https://api.github.com/users/mrjoes/followers", "following_url": "https://api.github.com/users/mrjoes/following{/other_user}", "gists_url": "https://api.github.com/users/mrjoes/gists{/gist_id}", "starred_url": "https://api.github.com/users/mrjoes/starred{/owner}{/repo}", "subscriptions_url": "https://api.github.com/users/mrjoes/subscriptions", "organizations_url": "https://api.github.com/users/mrjoes/orgs", "repos_url": "https://api.github.com/users/mrjoes/repos", "events_url": "https://api.github.com/users/mrjoes/events{/privacy}", "received_events_url": "https://api.github.com/users/mrjoes/received_events", "type": "User", "site_admin": false}, "repo": {"id": 34269124, "node_id": "MDEwOlJlcG9zaXRvcnkzNDI2OTEyNA==", "name": "flask-admin", "full_name": "mrjoes/flask-admin", "owner": {"login": "mrjoes", "id": 179880, "node_id": "MDQ6VXNlcjE3OTg4MA==", "avatar_url": "https://avatars1.githubusercontent.com/u/179880?v=4", "gravatar_id": "", "url": "https://api.github.com/users/mrjoes", "html_url": "https://github.com/mrjoes", "followers_url": "https://api.github.com/users/mrjoes/followers", "following_url": "https://api.github.com/users/mrjoes/following{/other_user}", "gists_url": "https://api.github.com/users/mrjoes/gists{/gist_id}", "starred_url": "https://api.github.com/users/mrjoes/starred{/owner}{/repo}", "subscriptions_url": "https://api.github.com/users/mrjoes/subscriptions", "organizations_url": "https://api.github.com/users/mrjoes/orgs", "repos_url": "https://api.github.com/users/mrjoes/repos", "events_url": "https://api.github.com/users/mrjoes/events{/privacy}", "received_events_url": "https://api.github.com/users/mrjoes/received_events", "type": "User", "site_admin": false}, "private": false, "html_url": "https://github.com/mrjoes/flask-admin", "description": "Simple and extensible administrative interface framework for Flask", "fork": false, "url": "https://api.github.com/repos/mrjoes/flask-admin", "forks_url": "https://api.github.com/repos/mrjoes/flask-admin/forks", "keys_url": "https://api.github.com/repos/mrjoes/flask-admin/keys{/key_id}", "collaborators_url": "https://api.github.com/repos/mrjoes/flask-admin/collaborators{/collaborator}", "teams_url": "https://api.github.com/repos/mrjoes/flask-admin/teams", "hooks_url": "https://api.github.com/repos/mrjoes/flask-admin/hooks", "issue_events_url": "https://api.github.com/repos/mrjoes/flask-admin/issues/events{/number}", "events_url": "https://api.github.com/repos/mrjoes/flask-admin/events", "assignees_url": "https://api.github.com/repos/mrjoes/flask-admin/assignees{/user}", "branches_url": "https://api.github.com/repos/mrjoes/flask-admin/branches{/branch}", "tags_url": "https://api.github.com/repos/mrjoes/flask-admin/tags", "blobs_url": "https://api.github.com/repos/mrjoes/flask-admin/git/blobs{/sha}", "git_tags_url": "https://api.github.com/repos/mrjoes/flask-admin/git/tags{/sha}", "git_refs_url": "https://api.github.com/repos/mrjoes/flask-admin/git/refs{/sha}", "trees_url": "https://api.github.com/repos/mrjoes/flask-admin/git/trees{/sha}", "statuses_url": "https://api.github.com/repos/mrjoes/flask-admin/statuses/{sha}", "languages_url": "https://api.github.com/repos/mrjoes/flask-admin/languages", "stargazers_url": "https://api.github.com/repos/mrjoes/flask-admin/stargazers", "contributors_url": "https://api.github.com/repos/mrjoes/flask-admin/contributors", "subscribers_url": "https://api.github.com/repos/mrjoes/flask-admin/subscribers", "subscription_url": "https://api.github.com/repos/mrjoes/flask-admin/subscription", "commits_url": "https://api.github.com/repos/mrjoes/flask-admin/commits{/sha}", "git_commits_url": "https://api.github.com/repos/mrjoes/flask-admin/git/commits{/sha}", "comments_url": "https://api.github.com/repos/mrjoes/flask-admin/comments{/number}", "issue_comment_url": "https://api.github.com/repos/mrjoes/flask-admin/issues/comments{/number}", "contents_url": "https://api.github.com/repos/mrjoes/flask-admin/contents/{+path}", "compare_url": "https://api.github.com/repos/mrjoes/flask-admin/compare/{base}...{head}", "merges_url": "https://api.github.com/repos/mrjoes/flask-admin/merges", "archive_url": "https://api.github.com/repos/mrjoes/flask-admin/{archive_format}{/ref}", "downloads_url": "https://api.github.com/repos/mrjoes/flask-admin/downloads", "issues_url": "https://api.github.com/repos/mrjoes/flask-admin/issues{/number}", "pulls_url": "https://api.github.com/repos/mrjoes/flask-admin/pulls{/number}", "milestones_url": "https://api.github.com/repos/mrjoes/flask-admin/milestones{/number}", "notifications_url": "https://api.github.com/repos/mrjoes/flask-admin/notifications{?since,all,participating}", "labels_url": "https://api.github.com/repos/mrjoes/flask-admin/labels{/name}", "releases_url": "https://api.github.com/repos/mrjoes/flask-admin/releases{/id}", "deployments_url": "https://api.github.com/repos/mrjoes/flask-admin/deployments", "created_at": "2015-04-20T15:33:41Z", "updated_at": "2018-08-04T01:26:57Z", "pushed_at": "2016-06-01T07:56:40Z", "git_url": "git://github.com/mrjoes/flask-admin.git", "ssh_url": "git@github.com:mrjoes/flask-admin.git", "clone_url": "https://github.com/mrjoes/flask-admin.git", "svn_url": "https://github.com/mrjoes/flask-admin", "homepage": null, "size": 5067, "stargazers_count": 112, "watchers_count": 112, "language": "Python", "has_issues": true, "has_projects": true, "has_downloads": true, "has_wiki": true, "has_pages": false, "forks_count": 68, "mirror_url": null, "archived": false, "open_issues_count": 25, "license": {"key": "other", "name": "Other", "spdx_id": null, "url": null, "node_id": "MDc6TGljZW5zZTA="}, "forks": 68, "open_issues": 25, "watchers": 112, "default_branch": "master"}}, "_links": {"self": {"href": "https://api.github.com/repos/mrjoes/flask-admin/pulls/28"}, "html": {"href": "https://github.com/mrjoes/flask-admin/pull/28"}, "issue": {"href": "https://api.github.com/repos/mrjoes/flask-admin/issues/28"}, "comments": {"href": "https://api.github.com/repos/mrjoes/flask-admin/issues/28/comments"}, "review_comments": {"href": "https://api.github.com/repos/mrjoes/flask-admin/pulls/28/comments"}, "review_comment": {"href": "https://api.github.com/repos/mrjoes/flask-admin/pulls/comments{/number}"}, "commits": {"href": "https://api.github.com/repos/mrjoes/flask-admin/pulls/28/commits"}, "statuses": {"href": "https://api.github.com/repos/mrjoes/flask-admin/statuses/ed2a714f00e4ebb2d108bfcfdcfbe103d7928732"}}, "author_association": "NONE", "merged": false, "mergeable": true, "rebaseable": false, "mergeable_state": "blocked", "merged_by": null, "comments": 0, "review_comments": 0, "maintainer_can_modify": false, "commits": 0, "additions": 0, "deletions": 0, "changed_files": 0}, "16": {"url": "https://api.github.com/repos/mrjoes/flask-admin/pulls/16", "id": 52518893, "node_id": "MDExOlB1bGxSZXF1ZXN0NTI1MTg4OTM=", "html_url": "https://github.com/mrjoes/flask-admin/pull/16", "diff_url": "https://github.com/mrjoes/flask-admin/pull/16.diff", "patch_url": "https://github.com/mrjoes/flask-admin/pull/16.patch", "issue_url": "https://api.github.com/repos/mrjoes/flask-admin/issues/16", "number": 16, "state": "open", "locked": false, "title": "Made help_text attribute optional", "user": {"login": "gerasim13", "id": 842316, "node_id": "MDQ6VXNlcjg0MjMxNg==", "avatar_url": "https://avatars2.githubusercontent.com/u/842316?v=4", "gravatar_id": "", "url": "https://api.github.com/users/gerasim13", "html_url": "https://github.com/gerasim13", "followers_url": "https://api.github.com/users/gerasim13/followers", "following_url": "https://api.github.com/users/gerasim13/following{/other_user}", "gists_url": "https://api.github.com/users/gerasim13/gists{/gist_id}", "starred_url": "https://api.github.com/users/gerasim13/starred{/owner}{/repo}", "subscriptions_url": "https://api.github.com/users/gerasim13/subscriptions", "organizations_url": "https://api.github.com/users/gerasim13/orgs", "repos_url": "https://api.github.com/users/gerasim13/repos", "events_url": "https://api.github.com/users/gerasim13/events{/privacy}", "received_events_url": "https://api.github.com/users/gerasim13/received_events", "type": "User", "site_admin": false}, "body": "Flask-admin crashes with latest flask-mongoengine.\n", "created_at": "2015-12-03T10:56:06Z", "updated_at": "2015-12-04T13:18:53Z", "closed_at": null, "merged_at": null, "merge_commit_sha": "73e62c4328dd9c86dcd56cfc18de6b17c2195ea3", "assignee": null, "assignees": [], "requested_reviewers": [], "requested_teams": [], "labels": [], "milestone": null, "commits_url": "https://api.github.com/repos/mrjoes/flask-admin/pulls/16/commits", "review_comments_url": "https://api.github.com/repos/mrjoes/flask-admin/pulls/16/comments", "review_comment_url": "https://api.github.com/repos/mrjoes/flask-admin/pulls/comments{/number}", "comments_url": "https://api.github.com/repos/mrjoes/flask-admin/issues/16/comments", "statuses_url": "https://api.github.com/repos/mrjoes/flask-admin/statuses/5513337e4a01f10a1b8a7495085966f9e55d76b2", "head": {"label": "gerasim13:master", "ref": "master", "sha": "5513337e4a01f10a1b8a7495085966f9e55d76b2", "user": {"login": "gerasim13", "id": 842316, "node_id": "MDQ6VXNlcjg0MjMxNg==", "avatar_url": "https://avatars2.githubusercontent.com/u/842316?v=4", "gravatar_id": "", "url": "https://api.github.com/users/gerasim13", "html_url": "https://github.com/gerasim13", "followers_url": "https://api.github.com/users/gerasim13/followers", "following_url": "https://api.github.com/users/gerasim13/following{/other_user}", "gists_url": "https://api.github.com/users/gerasim13/gists{/gist_id}", "starred_url": "https://api.github.com/users/gerasim13/starred{/owner}{/repo}", "subscriptions_url": "https://api.github.com/users/gerasim13/subscriptions", "organizations_url": "https://api.github.com/users/gerasim13/orgs", "repos_url": "https://api.github.com/users/gerasim13/repos", "events_url": "https://api.github.com/users/gerasim13/events{/privacy}", "received_events_url": "https://api.github.com/users/gerasim13/received_events", "type": "User", "site_admin": false}, "repo": {"id": 47325934, "node_id": "MDEwOlJlcG9zaXRvcnk0NzMyNTkzNA==", "name": "flask-admin-1", "full_name": "gerasim13/flask-admin-1", "owner": {"login": "gerasim13", "id": 842316, "node_id": "MDQ6VXNlcjg0MjMxNg==", "avatar_url": "https://avatars2.githubusercontent.com/u/842316?v=4", "gravatar_id": "", "url": "https://api.github.com/users/gerasim13", "html_url": "https://github.com/gerasim13", "followers_url": "https://api.github.com/users/gerasim13/followers", "following_url": "https://api.github.com/users/gerasim13/following{/other_user}", "gists_url": "https://api.github.com/users/gerasim13/gists{/gist_id}", "starred_url": "https://api.github.com/users/gerasim13/starred{/owner}{/repo}", "subscriptions_url": "https://api.github.com/users/gerasim13/subscriptions", "organizations_url": "https://api.github.com/users/gerasim13/orgs", "repos_url": "https://api.github.com/users/gerasim13/repos", "events_url": "https://api.github.com/users/gerasim13/events{/privacy}", "received_events_url": "https://api.github.com/users/gerasim13/received_events", "type": "User", "site_admin": false}, "private": false, "html_url": "https://github.com/gerasim13/flask-admin-1", "description": "Simple and extensible administrative interface framework for Flask", "fork": true, "url": "https://api.github.com/repos/gerasim13/flask-admin-1", "forks_url": "https://api.github.com/repos/gerasim13/flask-admin-1/forks", "keys_url": "https://api.github.com/repos/gerasim13/flask-admin-1/keys{/key_id}", "collaborators_url": "https://api.github.com/repos/gerasim13/flask-admin-1/collaborators{/collaborator}", "teams_url": "https://api.github.com/repos/gerasim13/flask-admin-1/teams", "hooks_url": "https://api.github.com/repos/gerasim13/flask-admin-1/hooks", "issue_events_url": "https://api.github.com/repos/gerasim13/flask-admin-1/issues/events{/number}", "events_url": "https://api.github.com/repos/gerasim13/flask-admin-1/events", "assignees_url": "https://api.github.com/repos/gerasim13/flask-admin-1/assignees{/user}", "branches_url": "https://api.github.com/repos/gerasim13/flask-admin-1/branches{/branch}", "tags_url": "https://api.github.com/repos/gerasim13/flask-admin-1/tags", "blobs_url": "https://api.github.com/repos/gerasim13/flask-admin-1/git/blobs{/sha}", "git_tags_url": "https://api.github.com/repos/gerasim13/flask-admin-1/git/tags{/sha}", "git_refs_url": "https://api.github.com/repos/gerasim13/flask-admin-1/git/refs{/sha}", "trees_url": "https://api.github.com/repos/gerasim13/flask-admin-1/git/trees{/sha}", "statuses_url": "https://api.github.com/repos/gerasim13/flask-admin-1/statuses/{sha}", "languages_url": "https://api.github.com/repos/gerasim13/flask-admin-1/languages", "stargazers_url": "https://api.github.com/repos/gerasim13/flask-admin-1/stargazers", "contributors_url": "https://api.github.com/repos/gerasim13/flask-admin-1/contributors", "subscribers_url": "https://api.github.com/repos/gerasim13/flask-admin-1/subscribers", "subscription_url": "https://api.github.com/repos/gerasim13/flask-admin-1/subscription", "commits_url": "https://api.github.com/repos/gerasim13/flask-admin-1/commits{/sha}", "git_commits_url": "https://api.github.com/repos/gerasim13/flask-admin-1/git/commits{/sha}", "comments_url": "https://api.github.com/repos/gerasim13/flask-admin-1/comments{/number}", "issue_comment_url": "https://api.github.com/repos/gerasim13/flask-admin-1/issues/comments{/number}", "contents_url": "https://api.github.com/repos/gerasim13/flask-admin-1/contents/{+path}", "compare_url": "https://api.github.com/repos/gerasim13/flask-admin-1/compare/{base}...{head}", "merges_url": "https://api.github.com/repos/gerasim13/flask-admin-1/merges", "archive_url": "https://api.github.com/repos/gerasim13/flask-admin-1/{archive_format}{/ref}", "downloads_url": "https://api.github.com/repos/gerasim13/flask-admin-1/downloads", "issues_url": "https://api.github.com/repos/gerasim13/flask-admin-1/issues{/number}", "pulls_url": "https://api.github.com/repos/gerasim13/flask-admin-1/pulls{/number}", "milestones_url": "https://api.github.com/repos/gerasim13/flask-admin-1/milestones{/number}", "notifications_url": "https://api.github.com/repos/gerasim13/flask-admin-1/notifications{?since,all,participating}", "labels_url": "https://api.github.com/repos/gerasim13/flask-admin-1/labels{/name}", "releases_url": "https://api.github.com/repos/gerasim13/flask-admin-1/releases{/id}", "deployments_url": "https://api.github.com/repos/gerasim13/flask-admin-1/deployments", "created_at": "2015-12-03T10:49:24Z", "updated_at": "2015-12-03T10:49:26Z", "pushed_at": "2015-12-03T11:24:30Z", "git_url": "git://github.com/gerasim13/flask-admin-1.git", "ssh_url": "git@github.com:gerasim13/flask-admin-1.git", "clone_url": "https://github.com/gerasim13/flask-admin-1.git", "svn_url": "https://github.com/gerasim13/flask-admin-1", "homepage": null, "size": 4921, "stargazers_count": 0, "watchers_count": 0, "language": "Python", "has_issues": false, "has_projects": true, "has_downloads": true, "has_wiki": true, "has_pages": false, "forks_count": 0, "mirror_url": null, "archived": false, "open_issues_count": 0, "license": {"key": "other", "name": "Other", "spdx_id": null, "url": null, "node_id": "MDc6TGljZW5zZTA="}, "forks": 0, "open_issues": 0, "watchers": 0, "default_branch": "master"}}, "base": {"label": "mrjoes:master", "ref": "master", "sha": "402b56ea844dc5b215f6293e7dc63f39a6723692", "user": {"login": "mrjoes", "id": 179880, "node_id": "MDQ6VXNlcjE3OTg4MA==", "avatar_url": "https://avatars1.githubusercontent.com/u/179880?v=4", "gravatar_id": "", "url": "https://api.github.com/users/mrjoes", "html_url": "https://github.com/mrjoes", "followers_url": "https://api.github.com/users/mrjoes/followers", "following_url": "https://api.github.com/users/mrjoes/following{/other_user}", "gists_url": "https://api.github.com/users/mrjoes/gists{/gist_id}", "starred_url": "https://api.github.com/users/mrjoes/starred{/owner}{/repo}", "subscriptions_url": "https://api.github.com/users/mrjoes/subscriptions", "organizations_url": "https://api.github.com/users/mrjoes/orgs", "repos_url": "https://api.github.com/users/mrjoes/repos", "events_url": "https://api.github.com/users/mrjoes/events{/privacy}", "received_events_url": "https://api.github.com/users/mrjoes/received_events", "type": "User", "site_admin": false}, "repo": {"id": 34269124, "node_id": "MDEwOlJlcG9zaXRvcnkzNDI2OTEyNA==", "name": "flask-admin", "full_name": "mrjoes/flask-admin", "owner": {"login": "mrjoes", "id": 179880, "node_id": "MDQ6VXNlcjE3OTg4MA==", "avatar_url": "https://avatars1.githubusercontent.com/u/179880?v=4", "gravatar_id": "", "url": "https://api.github.com/users/mrjoes", "html_url": "https://github.com/mrjoes", "followers_url": "https://api.github.com/users/mrjoes/followers", "following_url": "https://api.github.com/users/mrjoes/following{/other_user}", "gists_url": "https://api.github.com/users/mrjoes/gists{/gist_id}", "starred_url": "https://api.github.com/users/mrjoes/starred{/owner}{/repo}", "subscriptions_url": "https://api.github.com/users/mrjoes/subscriptions", "organizations_url": "https://api.github.com/users/mrjoes/orgs", "repos_url": "https://api.github.com/users/mrjoes/repos", "events_url": "https://api.github.com/users/mrjoes/events{/privacy}", "received_events_url": "https://api.github.com/users/mrjoes/received_events", "type": "User", "site_admin": false}, "private": false, "html_url": "https://github.com/mrjoes/flask-admin", "description": "Simple and extensible administrative interface framework for Flask", "fork": false, "url": "https://api.github.com/repos/mrjoes/flask-admin", "forks_url": "https://api.github.com/repos/mrjoes/flask-admin/forks", "keys_url": "https://api.github.com/repos/mrjoes/flask-admin/keys{/key_id}", "collaborators_url": "https://api.github.com/repos/mrjoes/flask-admin/collaborators{/collaborator}", "teams_url": "https://api.github.com/repos/mrjoes/flask-admin/teams", "hooks_url": "https://api.github.com/repos/mrjoes/flask-admin/hooks", "issue_events_url": "https://api.github.com/repos/mrjoes/flask-admin/issues/events{/number}", "events_url": "https://api.github.com/repos/mrjoes/flask-admin/events", "assignees_url": "https://api.github.com/repos/mrjoes/flask-admin/assignees{/user}", "branches_url": "https://api.github.com/repos/mrjoes/flask-admin/branches{/branch}", "tags_url": "https://api.github.com/repos/mrjoes/flask-admin/tags", "blobs_url": "https://api.github.com/repos/mrjoes/flask-admin/git/blobs{/sha}", "git_tags_url": "https://api.github.com/repos/mrjoes/flask-admin/git/tags{/sha}", "git_refs_url": "https://api.github.com/repos/mrjoes/flask-admin/git/refs{/sha}", "trees_url": "https://api.github.com/repos/mrjoes/flask-admin/git/trees{/sha}", "statuses_url": "https://api.github.com/repos/mrjoes/flask-admin/statuses/{sha}", "languages_url": "https://api.github.com/repos/mrjoes/flask-admin/languages", "stargazers_url": "https://api.github.com/repos/mrjoes/flask-admin/stargazers", "contributors_url": "https://api.github.com/repos/mrjoes/flask-admin/contributors", "subscribers_url": "https://api.github.com/repos/mrjoes/flask-admin/subscribers", "subscription_url": "https://api.github.com/repos/mrjoes/flask-admin/subscription", "commits_url": "https://api.github.com/repos/mrjoes/flask-admin/commits{/sha}", "git_commits_url": "https://api.github.com/repos/mrjoes/flask-admin/git/commits{/sha}", "comments_url": "https://api.github.com/repos/mrjoes/flask-admin/comments{/number}", "issue_comment_url": "https://api.github.com/repos/mrjoes/flask-admin/issues/comments{/number}", "contents_url": "https://api.github.com/repos/mrjoes/flask-admin/contents/{+path}", "compare_url": "https://api.github.com/repos/mrjoes/flask-admin/compare/{base}...{head}", "merges_url": "https://api.github.com/repos/mrjoes/flask-admin/merges", "archive_url": "https://api.github.com/repos/mrjoes/flask-admin/{archive_format}{/ref}", "downloads_url": "https://api.github.com/repos/mrjoes/flask-admin/downloads", "issues_url": "https://api.github.com/repos/mrjoes/flask-admin/issues{/number}", "pulls_url": "https://api.github.com/repos/mrjoes/flask-admin/pulls{/number}", "milestones_url": "https://api.github.com/repos/mrjoes/flask-admin/milestones{/number}", "notifications_url": "https://api.github.com/repos/mrjoes/flask-admin/notifications{?since,all,participating}", "labels_url": "https://api.github.com/repos/mrjoes/flask-admin/labels{/name}", "releases_url": "https://api.github.com/repos/mrjoes/flask-admin/releases{/id}", "deployments_url": "https://api.github.com/repos/mrjoes/flask-admin/deployments", "created_at": "2015-04-20T15:33:41Z", "updated_at": "2018-08-04T01:26:57Z", "pushed_at": "2016-06-01T07:56:40Z", "git_url": "git://github.com/mrjoes/flask-admin.git", "ssh_url": "git@github.com:mrjoes/flask-admin.git", "clone_url": "https://github.com/mrjoes/flask-admin.git", "svn_url": "https://github.com/mrjoes/flask-admin", "homepage": null, "size": 5067, "stargazers_count": 112, "watchers_count": 112, "language": "Python", "has_issues": true, "has_projects": true, "has_downloads": true, "has_wiki": true, "has_pages": false, "forks_count": 68, "mirror_url": null, "archived": false, "open_issues_count": 25, "license": {"key": "other", "name": "Other", "spdx_id": null, "url": null, "node_id": "MDc6TGljZW5zZTA="}, "forks": 68, "open_issues": 25, "watchers": 112, "default_branch": "master"}}, "_links": {"self": {"href": "https://api.github.com/repos/mrjoes/flask-admin/pulls/16"}, "html": {"href": "https://github.com/mrjoes/flask-admin/pull/16"}, "issue": {"href": "https://api.github.com/repos/mrjoes/flask-admin/issues/16"}, "comments": {"href": "https://api.github.com/repos/mrjoes/flask-admin/issues/16/comments"}, "review_comments": {"href": "https://api.github.com/repos/mrjoes/flask-admin/pulls/16/comments"}, "review_comment": {"href": "https://api.github.com/repos/mrjoes/flask-admin/pulls/comments{/number}"}, "commits": {"href": "https://api.github.com/repos/mrjoes/flask-admin/pulls/16/commits"}, "statuses": {"href": "https://api.github.com/repos/mrjoes/flask-admin/statuses/5513337e4a01f10a1b8a7495085966f9e55d76b2"}}, "author_association": "NONE", "merged": false, "mergeable": true, "rebaseable": false, "mergeable_state": "blocked", "merged_by": null, "comments": 1, "review_comments": 0, "maintainer_can_modify": false, "commits": 3, "additions": 2, "deletions": 2, "changed_files": 2}, "7": {"url": "https://api.github.com/repos/mrjoes/flask-admin/pulls/7", "id": 43128659, "node_id": "MDExOlB1bGxSZXF1ZXN0NDMxMjg2NTk=", "html_url": "https://github.com/mrjoes/flask-admin/pull/7", "diff_url": "https://github.com/mrjoes/flask-admin/pull/7.diff", "patch_url": "https://github.com/mrjoes/flask-admin/pull/7.patch", "issue_url": "https://api.github.com/repos/mrjoes/flask-admin/issues/7", "number": 7, "state": "open", "locked": false, "title": "Update filters-1.0.0.js", "user": {"login": "barakbl", "id": 4154973, "node_id": "MDQ6VXNlcjQxNTQ5NzM=", "avatar_url": "https://avatars1.githubusercontent.com/u/4154973?v=4", "gravatar_id": "", "url": "https://api.github.com/users/barakbl", "html_url": "https://github.com/barakbl", "followers_url": "https://api.github.com/users/barakbl/followers", "following_url": "https://api.github.com/users/barakbl/following{/other_user}", "gists_url": "https://api.github.com/users/barakbl/gists{/gist_id}", "starred_url": "https://api.github.com/users/barakbl/starred{/owner}{/repo}", "subscriptions_url": "https://api.github.com/users/barakbl/subscriptions", "organizations_url": "https://api.github.com/users/barakbl/orgs", "repos_url": "https://api.github.com/users/barakbl/repos", "events_url": "https://api.github.com/users/barakbl/events{/privacy}", "received_events_url": "https://api.github.com/users/barakbl/received_events", "type": "User", "site_admin": false}, "body": "when user create a filter, it is much nicer to get the focus on that filter\n", "created_at": "2015-08-23T21:12:34Z", "updated_at": "2015-08-23T21:12:34Z", "closed_at": null, "merged_at": null, "merge_commit_sha": "8df07176f6503ec257d42b075bc2cd0f83fd1af1", "assignee": null, "assignees": [], "requested_reviewers": [], "requested_teams": [], "labels": [], "milestone": null, "commits_url": "https://api.github.com/repos/mrjoes/flask-admin/pulls/7/commits", "review_comments_url": "https://api.github.com/repos/mrjoes/flask-admin/pulls/7/comments", "review_comment_url": "https://api.github.com/repos/mrjoes/flask-admin/pulls/comments{/number}", "comments_url": "https://api.github.com/repos/mrjoes/flask-admin/issues/7/comments", "statuses_url": "https://api.github.com/repos/mrjoes/flask-admin/statuses/72884a34fa41165d6ca661048e9fcb94b69cb676", "head": {"label": "barakbl:barakbl-patch-1", "ref": "barakbl-patch-1", "sha": "72884a34fa41165d6ca661048e9fcb94b69cb676", "user": {"login": "barakbl", "id": 4154973, "node_id": "MDQ6VXNlcjQxNTQ5NzM=", "avatar_url": "https://avatars1.githubusercontent.com/u/4154973?v=4", "gravatar_id": "", "url": "https://api.github.com/users/barakbl", "html_url": "https://github.com/barakbl", "followers_url": "https://api.github.com/users/barakbl/followers", "following_url": "https://api.github.com/users/barakbl/following{/other_user}", "gists_url": "https://api.github.com/users/barakbl/gists{/gist_id}", "starred_url": "https://api.github.com/users/barakbl/starred{/owner}{/repo}", "subscriptions_url": "https://api.github.com/users/barakbl/subscriptions", "organizations_url": "https://api.github.com/users/barakbl/orgs", "repos_url": "https://api.github.com/users/barakbl/repos", "events_url": "https://api.github.com/users/barakbl/events{/privacy}", "received_events_url": "https://api.github.com/users/barakbl/received_events", "type": "User", "site_admin": false}, "repo": {"id": 41267275, "node_id": "MDEwOlJlcG9zaXRvcnk0MTI2NzI3NQ==", "name": "flask-admin", "full_name": "barakbl/flask-admin", "owner": {"login": "barakbl", "id": 4154973, "node_id": "MDQ6VXNlcjQxNTQ5NzM=", "avatar_url": "https://avatars1.githubusercontent.com/u/4154973?v=4", "gravatar_id": "", "url": "https://api.github.com/users/barakbl", "html_url": "https://github.com/barakbl", "followers_url": "https://api.github.com/users/barakbl/followers", "following_url": "https://api.github.com/users/barakbl/following{/other_user}", "gists_url": "https://api.github.com/users/barakbl/gists{/gist_id}", "starred_url": "https://api.github.com/users/barakbl/starred{/owner}{/repo}", "subscriptions_url": "https://api.github.com/users/barakbl/subscriptions", "organizations_url": "https://api.github.com/users/barakbl/orgs", "repos_url": "https://api.github.com/users/barakbl/repos", "events_url": "https://api.github.com/users/barakbl/events{/privacy}", "received_events_url": "https://api.github.com/users/barakbl/received_events", "type": "User", "site_admin": false}, "private": false, "html_url": "https://github.com/barakbl/flask-admin", "description": "Simple and extensible administrative interface framework for Flask", "fork": true, "url": "https://api.github.com/repos/barakbl/flask-admin", "forks_url": "https://api.github.com/repos/barakbl/flask-admin/forks", "keys_url": "https://api.github.com/repos/barakbl/flask-admin/keys{/key_id}", "collaborators_url": "https://api.github.com/repos/barakbl/flask-admin/collaborators{/collaborator}", "teams_url": "https://api.github.com/repos/barakbl/flask-admin/teams", "hooks_url": "https://api.github.com/repos/barakbl/flask-admin/hooks", "issue_events_url": "https://api.github.com/repos/barakbl/flask-admin/issues/events{/number}", "events_url": "https://api.github.com/repos/barakbl/flask-admin/events", "assignees_url": "https://api.github.com/repos/barakbl/flask-admin/assignees{/user}", "branches_url": "https://api.github.com/repos/barakbl/flask-admin/branches{/branch}", "tags_url": "https://api.github.com/repos/barakbl/flask-admin/tags", "blobs_url": "https://api.github.com/repos/barakbl/flask-admin/git/blobs{/sha}", "git_tags_url": "https://api.github.com/repos/barakbl/flask-admin/git/tags{/sha}", "git_refs_url": "https://api.github.com/repos/barakbl/flask-admin/git/refs{/sha}", "trees_url": "https://api.github.com/repos/barakbl/flask-admin/git/trees{/sha}", "statuses_url": "https://api.github.com/repos/barakbl/flask-admin/statuses/{sha}", "languages_url": "https://api.github.com/repos/barakbl/flask-admin/languages", "stargazers_url": "https://api.github.com/repos/barakbl/flask-admin/stargazers", "contributors_url": "https://api.github.com/repos/barakbl/flask-admin/contributors", "subscribers_url": "https://api.github.com/repos/barakbl/flask-admin/subscribers", "subscription_url": "https://api.github.com/repos/barakbl/flask-admin/subscription", "commits_url": "https://api.github.com/repos/barakbl/flask-admin/commits{/sha}", "git_commits_url": "https://api.github.com/repos/barakbl/flask-admin/git/commits{/sha}", "comments_url": "https://api.github.com/repos/barakbl/flask-admin/comments{/number}", "issue_comment_url": "https://api.github.com/repos/barakbl/flask-admin/issues/comments{/number}", "contents_url": "https://api.github.com/repos/barakbl/flask-admin/contents/{+path}", "compare_url": "https://api.github.com/repos/barakbl/flask-admin/compare/{base}...{head}", "merges_url": "https://api.github.com/repos/barakbl/flask-admin/merges", "archive_url": "https://api.github.com/repos/barakbl/flask-admin/{archive_format}{/ref}", "downloads_url": "https://api.github.com/repos/barakbl/flask-admin/downloads", "issues_url": "https://api.github.com/repos/barakbl/flask-admin/issues{/number}", "pulls_url": "https://api.github.com/repos/barakbl/flask-admin/pulls{/number}", "milestones_url": "https://api.github.com/repos/barakbl/flask-admin/milestones{/number}", "notifications_url": "https://api.github.com/repos/barakbl/flask-admin/notifications{?since,all,participating}", "labels_url": "https://api.github.com/repos/barakbl/flask-admin/labels{/name}", "releases_url": "https://api.github.com/repos/barakbl/flask-admin/releases{/id}", "deployments_url": "https://api.github.com/repos/barakbl/flask-admin/deployments", "created_at": "2015-08-23T21:03:27Z", "updated_at": "2015-08-23T21:03:27Z", "pushed_at": "2015-08-23T21:06:49Z", "git_url": "git://github.com/barakbl/flask-admin.git", "ssh_url": "git@github.com:barakbl/flask-admin.git", "clone_url": "https://github.com/barakbl/flask-admin.git", "svn_url": "https://github.com/barakbl/flask-admin", "homepage": null, "size": 5020, "stargazers_count": 0, "watchers_count": 0, "language": "Python", "has_issues": false, "has_projects": true, "has_downloads": true, "has_wiki": true, "has_pages": false, "forks_count": 0, "mirror_url": null, "archived": false, "open_issues_count": 0, "license": {"key": "other", "name": "Other", "spdx_id": null, "url": null, "node_id": "MDc6TGljZW5zZTA="}, "forks": 0, "open_issues": 0, "watchers": 0, "default_branch": "master"}}, "base": {"label": "mrjoes:master", "ref": "master", "sha": "402b56ea844dc5b215f6293e7dc63f39a6723692", "user": {"login": "mrjoes", "id": 179880, "node_id": "MDQ6VXNlcjE3OTg4MA==", "avatar_url": "https://avatars1.githubusercontent.com/u/179880?v=4", "gravatar_id": "", "url": "https://api.github.com/users/mrjoes", "html_url": "https://github.com/mrjoes", "followers_url": "https://api.github.com/users/mrjoes/followers", "following_url": "https://api.github.com/users/mrjoes/following{/other_user}", "gists_url": "https://api.github.com/users/mrjoes/gists{/gist_id}", "starred_url": "https://api.github.com/users/mrjoes/starred{/owner}{/repo}", "subscriptions_url": "https://api.github.com/users/mrjoes/subscriptions", "organizations_url": "https://api.github.com/users/mrjoes/orgs", "repos_url": "https://api.github.com/users/mrjoes/repos", "events_url": "https://api.github.com/users/mrjoes/events{/privacy}", "received_events_url": "https://api.github.com/users/mrjoes/received_events", "type": "User", "site_admin": false}, "repo": {"id": 34269124, "node_id": "MDEwOlJlcG9zaXRvcnkzNDI2OTEyNA==", "name": "flask-admin", "full_name": "mrjoes/flask-admin", "owner": {"login": "mrjoes", "id": 179880, "node_id": "MDQ6VXNlcjE3OTg4MA==", "avatar_url": "https://avatars1.githubusercontent.com/u/179880?v=4", "gravatar_id": "", "url": "https://api.github.com/users/mrjoes", "html_url": "https://github.com/mrjoes", "followers_url": "https://api.github.com/users/mrjoes/followers", "following_url": "https://api.github.com/users/mrjoes/following{/other_user}", "gists_url": "https://api.github.com/users/mrjoes/gists{/gist_id}", "starred_url": "https://api.github.com/users/mrjoes/starred{/owner}{/repo}", "subscriptions_url": "https://api.github.com/users/mrjoes/subscriptions", "organizations_url": "https://api.github.com/users/mrjoes/orgs", "repos_url": "https://api.github.com/users/mrjoes/repos", "events_url": "https://api.github.com/users/mrjoes/events{/privacy}", "received_events_url": "https://api.github.com/users/mrjoes/received_events", "type": "User", "site_admin": false}, "private": false, "html_url": "https://github.com/mrjoes/flask-admin", "description": "Simple and extensible administrative interface framework for Flask", "fork": false, "url": "https://api.github.com/repos/mrjoes/flask-admin", "forks_url": "https://api.github.com/repos/mrjoes/flask-admin/forks", "keys_url": "https://api.github.com/repos/mrjoes/flask-admin/keys{/key_id}", "collaborators_url": "https://api.github.com/repos/mrjoes/flask-admin/collaborators{/collaborator}", "teams_url": "https://api.github.com/repos/mrjoes/flask-admin/teams", "hooks_url": "https://api.github.com/repos/mrjoes/flask-admin/hooks", "issue_events_url": "https://api.github.com/repos/mrjoes/flask-admin/issues/events{/number}", "events_url": "https://api.github.com/repos/mrjoes/flask-admin/events", "assignees_url": "https://api.github.com/repos/mrjoes/flask-admin/assignees{/user}", "branches_url": "https://api.github.com/repos/mrjoes/flask-admin/branches{/branch}", "tags_url": "https://api.github.com/repos/mrjoes/flask-admin/tags", "blobs_url": "https://api.github.com/repos/mrjoes/flask-admin/git/blobs{/sha}", "git_tags_url": "https://api.github.com/repos/mrjoes/flask-admin/git/tags{/sha}", "git_refs_url": "https://api.github.com/repos/mrjoes/flask-admin/git/refs{/sha}", "trees_url": "https://api.github.com/repos/mrjoes/flask-admin/git/trees{/sha}", "statuses_url": "https://api.github.com/repos/mrjoes/flask-admin/statuses/{sha}", "languages_url": "https://api.github.com/repos/mrjoes/flask-admin/languages", "stargazers_url": "https://api.github.com/repos/mrjoes/flask-admin/stargazers", "contributors_url": "https://api.github.com/repos/mrjoes/flask-admin/contributors", "subscribers_url": "https://api.github.com/repos/mrjoes/flask-admin/subscribers", "subscription_url": "https://api.github.com/repos/mrjoes/flask-admin/subscription", "commits_url": "https://api.github.com/repos/mrjoes/flask-admin/commits{/sha}", "git_commits_url": "https://api.github.com/repos/mrjoes/flask-admin/git/commits{/sha}", "comments_url": "https://api.github.com/repos/mrjoes/flask-admin/comments{/number}", "issue_comment_url": "https://api.github.com/repos/mrjoes/flask-admin/issues/comments{/number}", "contents_url": "https://api.github.com/repos/mrjoes/flask-admin/contents/{+path}", "compare_url": "https://api.github.com/repos/mrjoes/flask-admin/compare/{base}...{head}", "merges_url": "https://api.github.com/repos/mrjoes/flask-admin/merges", "archive_url": "https://api.github.com/repos/mrjoes/flask-admin/{archive_format}{/ref}", "downloads_url": "https://api.github.com/repos/mrjoes/flask-admin/downloads", "issues_url": "https://api.github.com/repos/mrjoes/flask-admin/issues{/number}", "pulls_url": "https://api.github.com/repos/mrjoes/flask-admin/pulls{/number}", "milestones_url": "https://api.github.com/repos/mrjoes/flask-admin/milestones{/number}", "notifications_url": "https://api.github.com/repos/mrjoes/flask-admin/notifications{?since,all,participating}", "labels_url": "https://api.github.com/repos/mrjoes/flask-admin/labels{/name}", "releases_url": "https://api.github.com/repos/mrjoes/flask-admin/releases{/id}", "deployments_url": "https://api.github.com/repos/mrjoes/flask-admin/deployments", "created_at": "2015-04-20T15:33:41Z", "updated_at": "2018-08-04T01:26:57Z", "pushed_at": "2016-06-01T07:56:40Z", "git_url": "git://github.com/mrjoes/flask-admin.git", "ssh_url": "git@github.com:mrjoes/flask-admin.git", "clone_url": "https://github.com/mrjoes/flask-admin.git", "svn_url": "https://github.com/mrjoes/flask-admin", "homepage": null, "size": 5067, "stargazers_count": 112, "watchers_count": 112, "language": "Python", "has_issues": true, "has_projects": true, "has_downloads": true, "has_wiki": true, "has_pages": false, "forks_count": 68, "mirror_url": null, "archived": false, "open_issues_count": 25, "license": {"key": "other", "name": "Other", "spdx_id": null, "url": null, "node_id": "MDc6TGljZW5zZTA="}, "forks": 68, "open_issues": 25, "watchers": 112, "default_branch": "master"}}, "_links": {"self": {"href": "https://api.github.com/repos/mrjoes/flask-admin/pulls/7"}, "html": {"href": "https://github.com/mrjoes/flask-admin/pull/7"}, "issue": {"href": "https://api.github.com/repos/mrjoes/flask-admin/issues/7"}, "comments": {"href": "https://api.github.com/repos/mrjoes/flask-admin/issues/7/comments"}, "review_comments": {"href": "https://api.github.com/repos/mrjoes/flask-admin/pulls/7/comments"}, "review_comment": {"href": "https://api.github.com/repos/mrjoes/flask-admin/pulls/comments{/number}"}, "commits": {"href": "https://api.github.com/repos/mrjoes/flask-admin/pulls/7/commits"}, "statuses": {"href": "https://api.github.com/repos/mrjoes/flask-admin/statuses/72884a34fa41165d6ca661048e9fcb94b69cb676"}}, "author_association": "NONE", "merged": false, "mergeable": true, "rebaseable": false, "mergeable_state": "blocked", "merged_by": null, "comments": 0, "review_comments": 0, "maintainer_can_modify": false, "commits": 1, "additions": 1, "deletions": 1, "changed_files": 1}}