robottelo,luigi,OpenSlides,tgstation,cryptography,mne-python,pandas,Theano,scikit-image,vumi-go,django-rest-framework,c2cgeoportal,ome-documentation,mackup,django-cms,commcare-hq,botocore,requests,matplotlib,zamboni,readthedocs.org,dipy,regulations-parser,kivy,web2py,flask,mezzanine,kitsune,libcloud,bcfg2,pulp_rpm,sympy,sunpy,beets,configuration,addon-sdk,edx-ora2,ninja-ide,kuma,networkx,teuthology,ka-lite,numba,pybossa,mozmill-ci,blaze,scrapy,virt-test,ESP-Website,nipype,bedrock,pylearn2,ipython,quark,pombola,werkzeug,pelican,django-debug-toolbar,ralph,Minecraft-Overviewer,sentry,deis,buildbot,remo,celery,pip,BinPy,statsmodels,rootpy,gunicorn,oh-mainline,iris,spyne,riak-python-client,mopidy,pyramid,webview,vispy,Pillow,MakeAPI,psychopy,symfony-docs-fr,girder,vumi,salt-cloud,mongo-python-driver,pootle,XBlock,socorro,play1,fjord,youtube-dl,tp-qemu,solitude,feincms,wagtail,freeseer,gaffer,hashstack,invenio,topaz,zipline,marketplace-tests,autotest-docker,shinken,sm,tp-libvirt,Kawaz3rd,eden,SimpleCV,nikola
0.644393682,0.158097029,0.041674614,0.829092772,1.104808748,0.831043148,0.739812422,0.316994667,1.400705099,0.766777436,0.853268027,0.806705236,0.202365637,0.426840305,0.740702295,0.862180012,0.561044216,0.581994295,0.708482653,0.522908688,1.836909533,0.697209358,0.248613596,0.179980993,0.07708931,0.857821107,0.14558506,0.57264185,0.928233385,0.084374189,0.728637934,0.720784813,1.063042641,2.510928631,0.263988376,0.97094214,0.311501503,0.67487812,0.786295811,0.839155674,1.260440588,0.25637126,0.931305488,0.617649794,0.473388672,0.550053835,0.396082878,0.185787797,0.621958971,0.713782668,1.260440588,0.914905787,0.925518751,0.153951645,0.311873436,0.632190228,0.662452698,1.953466177,0.358497262,1.828035116,0.681173801,0.270409465,0.023002744,1.304407597,0.775780678,0.526991367,2.488503695,0.148007393,0.040712357,0.363060713,0.04890871,0.199345827,0.750887394,0.636939287,0.732576728,0.181488276,0.473388672,0.797816992,0.049565077,0.523021698,0.151756048,0.012262344,0.602442026,0.444261789,0.241298437,1.058949232,1.046533823,0.302148938,1.389816761,1.043450117,1.922810555,1.630055785,0.147386312,1.198437452,0.07708931,1.308674812,0.166668177,0.236311674,0.000726223,0.050265789,0.180286407,0.404198647,0.244292259,0.256012917,0.25637126,0.852806807,0.873821497,1.218943596,0.650775909,1.106748104,0.3056283
0.530694034,0.612157106,0.62133944,0.809091421,1.118685722,0.626951218,0.473865628,0.351631761,1.425745964,0.531597694,0.577425798,0.007673025,0.410099387,0.19136548,2.206496119,0.857886341,1.268940449,0.446070433,0.968821049,0.119955063,2.091625214,0.509638071,0.128807545,0.075355291,0.057971954,0.04051137,0.8583769,0.675668359,0.293138981,0.338223934,0.876904488,0.347479145,0.549506783,1.985193491,0.625967622,0.721339226,0.495663166,0.225803852,0.761274656,1.009317636,0.192095518,0.265379667,0.606065989,0.808016181,0.402924776,0.647994995,0.123095512,0.804666281,0.873778462,0.56951642,0.939480484,0.844004393,0.652260303,0.204866409,0.602148056,0.844188213,0.784626722,1.982955217,0.688126564,1.602379322,0.393104553,0.225202878,0.355846405,1.254179001,0.784290075,0.577772379,2.937176228,0.070337057,0.039556742,0.496071219,0.00992012,1.071352363,0.820138931,0.553211212,0.103137016,0.149406433,0.535228252,0.792319536,0.014684916,0.360937595,0.401338816,0.07286191,0.159134865,0.697596073,0.292651892,0.957171917,1.017044783,0.450620174,0.177937865,1.38774085,1.232349992,0.489957333,0.331230164,0.775913477,0.318526745,1.164898634,0.459749222,0.328077555,0.273849249,0.063554883,0.009377956,0.706922531,0.12925148,0.770713091,0.492555618,0.926078558,0.856244326,0.93033886,1.150192022,1.405489683,0.424737453
0.460677663,0.778536558,0.5508461,0.978849515,0.789377848,0.919197273,0.400061131,0.445584893,1.482602119,0.483871063,0.462783337,0.872838974,0.525902927,0.005036831,0.885030842,0.752517564,0.956381321,1.347225189,0.617162615,0.294498205,1.931438446,0.751738667,0.123492718,0.613283038,0.184052467,0.884292245,2.531637907,0.521271348,0.509303808,0.172025442,0.185234785,0.467964967,0.235297441,0.062974215,0.803534746,1.456810474,0.625743151,0.201989651,0.968550444,0.920139551,0.060585737,0.7560215,0.4569875,0.758897781,0.36947751,0.225927114,0.553211212,0.845299244,0.583581448,0.039922953,0.884085178,0.668818712,1.14693439,0.538251877,0.381018877,0.867982388,0.520074725,2.004606009,0.200523615,1.578698635,0.370867968,0.349096298,0.107234399,1.386257172,1.002645493,0.608228028,2.674301386,0.323167562,0.132274628,0.632489324,0.10348773,0.545522094,0.848155499,0.374123335,0.633403182,0.401141167,0.612053633,0.681123614,0.033548832,0.313839674,0.368438482,0.04751873,0.1908288,0.754611015,0.022271156,0.995393991,0.29174757,0.413924336,0.56311202,1.554101706,1.145513296,1.568575621,0.374898911,0.855281591,0.203206062,1.31952858,0.221888065,0.035990715,0.241631508,0.311331987,0.032158136,0.192098618,0.518289328,1.581002235,0.517375231,1.254753351,0.69254756,1.017399788,0.508430243,1.124239922,0.24621129
0.608036852,0.045555115,0.415299773,0.868377447,0.735023916,0.340679725,0.35012573,0.291149616,2.020228386,0.948174477,0.200383186,0.549993038,0.360151589,0.35923171,0.896894375,0.634254304,1.004137397,1.167194775,0.625748634,1.341875315,2.082785606,0.152307987,0.273849249,0.039288998,0.207061768,0.07286191,1.311898232,0.604738394,0.771885633,0.287798166,0.460921764,1.260039687,0.377872705,1.812657833,0.567528963,0.304550648,0.241801977,0.040488243,0.504671276,0.803998232,1.22412467,0.613563061,1.22128582,0.43923831,0.290077448,0.566165447,0.052640676,0.66174525,1.326675415,1.269416332,0.397084475,0.273849249,0.764349249,0.497432709,0.647795916,0.930467606,0.503915071,1.896540403,0.670936346,1.417646646,0.099144936,0.538304806,0.139709393,1.197430849,0.992743254,0.856140733,2.651186466,0.325453997,0.06643343,0.747174621,0.139422655,0.455126882,0.654810905,0.549189329,1.180905104,0.231785774,0.655384541,0.811402142,0.032703638,0.368505001,0.128268003,0.0399158,0.541087151,0.89805913,0.394833565,1.037445068,0.51835537,0.018945456,0.778608441,1.314524889,1.860806942,0.62113142,0.358635902,1.348327637,0.313990593,1.67056632,0.552822113,0.646099091,0.140923023,0.179861069,0.039921045,0.772216797,0.881026983,1.435845375,0.743554115,0.672558069,0.618974924,1.016033411,1.008021355,0.95511055,0.592512131
0.902618329,0.00946331,1.428958893,0.87079381,0.567278147,0.472629031,0.323997696,0.668984652,1.325313091,0.613742828,0.823951125,0.52687943,0.572646459,0.72783494,0.517879784,0.632652362,1.008944988,0.574849606,0.75101164,0.893602371,2.070114136,0.750750542,0.140923023,0.096679926,0.313990593,0.06908083,1.373898625,0.558692837,0.282621861,0.356315374,0.84606266,0.789609313,0.244675398,0.656921268,0.495663166,0.846902847,0.705471039,0.385296822,0.426812887,0.624484301,1.228558779,0.480808139,0.632186592,0.812982321,0.04890871,0.999199629,0.22412467,0.823763867,1.324557304,0.300348997,0.744988024,0.744821072,0.241474946,0.109724522,0.670557737,,0.573102554,1.908274651,0.464148045,1.470659256,0.014942408,0.217756391,0.597619951,1.68929863,1.096676826,0.38055861,2.659018278,0.257580042,0.019738436,0.576600194,0.391455889,0.45272994,0.864125013,0.531592846,1.228114367,0.153310537,0.641248703,0.774211049,0.028209448,0.514779806,0.062086344,0.096714258,0.22412467,1.110658646,0.097732544,1.300519466,0.116223335,0.242719173,0.146361828,1.360140562,1.357263565,0.956381321,0.088458776,1.037222624,0.215778351,1.309468031,0.304414988,0.409031391,0.201906443,0.28573525,0.06943059,0.305832148,0.22063446,1.567111969,0.320133924,1.256397247,0.891251087,0.519947052,1.106479645,1.151698589,0.383762121
0.590337038,0.171672702,0.047264099,0.765244151,0.092387915,0.669269528,0.436345994,0.50248456,1.461552382,0.835643768,0.810973167,1.025218725,0.466320992,,1.069339275,0.887795899,0.670154572,1.056707064,0.476674159,0.75813365,2.192224503,0.741259336,0.346411705,0.312034448,0.392477989,0.088886976,0.017751694,0.767444849,0.132200241,0.383896589,0.850149155,0.662823121,0.304442406,0.850287557,0.688432574,0.931865454,0.670557737,0.727595091,0.767607927,0.604670127,1.269858599,0.899905443,0.277338028,1.018695116,0.103580475,0.703509927,0.379032493,0.4645468,0.670718749,1.054030657,0.344541609,0.589518785,0.482833004,0.163806796,0.421180248,,0.327618599,2.007496119,0.183561087,1.263330698,0.33622241,0.650649309,0.774511218,1.5658741,0.563764811,1.076175809,2.591409206,0.360430479,0.060608387,0.833572149,0.062704086,0.642108262,0.955310583,0.459624529,1.100150824,0.054546833,0.805594683,0.638185382,0.056800365,0.396701813,0.09536624,0.014947414,0.834368467,0.182337284,0.200922728,0.968685389,0.076272249,0.611655235,0.475570917,1.136263371,1.154400587,0.692403316,0.034835815,0.922798157,0.000109196,1.285540104,0.238464832,,0.210206032,0.155759931,0.094765425,0.567628384,1.64199996,0.743318081,0.263458133,0.593974352,0.9668262,0.80299902,1.29810977,1.5572052,0.241698384
0.49745162,0.440060854,0.905466715,0.78935523,0.702957332,0.777896452,0.819262552,0.109470069,1.080457807,0.353868246,0.787990332,0.578679005,0.75382336,,0.472707272,0.800851524,1.525732994,1.143876632,0.903507551,0.81725812,1.988227367,0.468250275,0.180110931,0.480501175,0.16778183,0.298649788,0.00267601,0.728916883,0.445288062,0.208740234,0.774362326,0.464574873,0.393800974,1.052403212,0.469353517,0.0477314,0.698050261,0.057190895,0.552022099,0.679302533,1.253120661,0.694290876,0.722607931,1.34347415,0.086326361,0.741244793,0.271598935,0.728870392,1.042956352,1.269954443,0.372373939,0.210206032,0.429526846,0.027080297,0.553228855,,0.679337899,1.882688761,0.016138792,1.519669294,0.098629236,0.197016239,0.247335315,1.161740541,0.716957569,1.310566127,2.632486343,0.154818535,0.008857727,0.772203207,0.311857224,0.192012191,0.797062635,0.325458527,0.001402855,0.063367128,0.485697031,1.15596056,0.038891792,0.552194357,0.178616524,0.053854227,0.007504463,0.697454691,0.118740559,0.862869501,0.727043152,0.528783321,1.243163586,1.164489746,0.845847845,0.676122189,0.425802708,1.11499548,0.0832901,1.306067228,0.269676685,,0.281666756,0.357128978,0.042705297,0.50962162,1.570506096,0.228558779,0.482375503,0.995081663,0.796103477,0.637923002,0.420484066,1.021219254,0.416754723
0.61705761,0.444872777,0.824995359,0.779055751,0.770488083,0.436534643,0.301334725,0.350784381,1.359484911,0.641457558,0.554360986,0.462865829,0.322685242,,0.820183833,0.619456751,0.737422466,0.777481318,0.552121851,0.421933651,,0.70290947,0.193498373,0.299617767,0.050071716,0.526086807,1.347384334,0.469247341,0.103102207,,0.846777201,0.447839081,0.343185663,0.036789894,0.705471039,0.734901349,0.553228855,0.182726383,0.931800842,1.012646556,1.294994116,0.537445307,0.978936911,0.680577993,0.084669352,0.41509366,0.581194639,0.233177543,0.533833265,0.031087399,0.67964975,0.702044249,0.516088049,0.436404467,0.247875452,,0.555358648,,0.781313658,1.525053978,0.111256361,0.465262572,0.021063089,0.983074188,1.079012156,0.796811676,2.623260736,0.176064491,0.054175377,0.433862925,,0.97979331,0.818418264,0.354189396,1.158597231,0.050189257,0.628403902,0.149800301,0.036603689,0.593800545,0.193455696,0.101346016,0.15393734,0.094283342,0.213292837,1.090863943,0.369096756,0.225071907,0.456302762,1.683924913,1.488583565,0.791428089,0.438179493,0.846045494,0.100996971,1.293913603,0.353602886,,0.249437332,0.322796583,0.062986612,,0.258592129,1.457172632,0.462451379,,,1.052693844,1.457879543,0.89130497,0.200576067
0.594141523,0.639825225,0.928605318,0.809674631,1.058921099,0.624629418,0.58278892,0.108716806,1.97626853,0.477319479,0.640630245,0.033231735,0.372193909,,0.155744314,0.945144922,1.323167562,0.858535528,0.323657334,1.67056632,,0.692780336,0.259225845,0.822888772,0.110358238,0.034912109,2.58351922,0.545886457,0.683815241,,0.539487243,1.352906942,0.389465332,0.899874806,0.489537398,0.539970636,0.247875452,0.072052717,0.430934787,0.553828359,1.198395014,0.4057796,1.244127154,0.647902489,0.267133474,0.156950474,0.429493904,0.65729173,0.703110099,0.937913656,0.764761925,0.462664604,0.667812496,0.093527317,0.692146778,,0.531967521,,0.270810604,1.57657671,0.245750427,0.25603404,0.540250937,,0.841673613,0.256105661,2.700492144,,,0.468407154,,0.341398239,0.748554468,0.323852062,0.018800259,0.083616495,,1.699286699,0.072646856,,,0.003419638,0.108593941,0.265260935,0.256885529,0.92339325,0.388449192,0.686160326,0.200041294,1.293077588,1.064731479,0.629292369,0.183138371,0.911241055,,,0.072473049,,0.220607042,0.425891161,,,1.656853914,0.015225649,0.340612173,,,0.970956802,0.950797081,,0.129127264
0.401291549,0.189390659,0.232370257,1.089055293,0.914931893,1.574861765,0.546093971,0.299618443,1.44081676,0.579480529,0.403967738,0.022771358,0.463509202,,0.89897275,0.770449903,1.408749104,0.692608833,0.550399201,1.068593502,,1.346411705,0.214390755,0.17746067,0.070055962,0.177742243,0.1121521,0.499213696,0.556869745,,0.401819229,0.567035484,0.398558617,0.853250146,0.421180248,0.479770422,0.692146778,0.235174894,1.111474633,0.004003525,1.273535728,0.57603991,0.455246449,0.755079031,0.444399834,0.677092433,0.395433426,0.713850975,0.697100163,1.191158295,0.563966751,0.374904633,0.610202432,0.201009274,0.478339672,,0.370548248,,0.191639185,,0.181081295,0.178277373,0.315841198,,0.617800951,0.434201581,2.27924943,,,0.872703791,,0.146770716,0.955261707,,0.21267271,0.03244257,,1.442178488,,,,0.03774786,0.837596178,0.181263685,0.058568954,0.964009285,0.791909774,0.332217813,0.565351566,1.257320642,0.90469861,0.863853534,0.114465237,0.920864344,,,,,0.214390755,0.059715748,,,0.003351927,0.06925559,0.100150824,,,0.898669243,0.557822227,,0.259384155
0.60597837,0.103654861,1.290039301,0.674647598,0.865681219,0.771561575,0.581511566,0.165486765,1.195642054,0.406862974,0.211199164,1.023619294,0.005517483,,0.913032293,0.612994432,1.085147738,1.21766448,0.244028211,1.006271601,,0.98011744,0.280890226,0.640259981,0.075288773,0.68785727,0.09839201,0.503451983,0.055898428,,0.72075057,0.647074509,0.308372974,0.426338196,0.698050261,0.193518043,0.449291945,0.087188721,0.58022809,0.653588295,0.152916193,0.343192101,1.161818862,1.142207623,0.155679464,1.025741816,0.236282587,0.402619243,0.841246605,1.013595581,1.000091136,0.300193548,0.55356786,0.009915113,0.377240181,,0.605757236,,0.386083126,,0.21519804,0.604695161,0.395759678,,0.907237053,1.118652026,2.538160563,,,0.840688944,,0.715581656,0.866121054,,0.623562574,,,1.154607137,,,,,0.936986923,,0.393697977,0.897727251,0.035915375,0.50164783,0.605234027,1.239596605,0.785736322,0.789185762,0.190649748,,,,,,0.232243299,0.138250351,,,1.593432665,0.106364727,0.563512444,,,,1.126246214,,0.309076548
0.599885058,0.868490934,0.605012099,0.963506058,0.956346214,1.151449521,0.593798965,0.516847229,1.249466578,0.540909767,0.486959577,0.609194517,0.37429136,,2.151235342,0.491540531,0.617021799,1.185847044,0.593869633,0.591772914,,0.604641438,,0.103553772,,0.073239565,2.658860922,0.557697773,0.800222874,,0.930239201,0.128017187,0.283853054,0.119496107,0.313839674,0.271528244,0.545018435,0.52135396,0.30250597,0.93033886,1.102710724,0.517972708,0.305965741,0.489023447,0.166588306,0.700827122,0.267553806,0.709257841,0.93435812,0.238984346,0.577521006,0.499226093,0.707940531,,0.174675465,,1.016970634,,0.006094456,,0.377891779,0.007638931,0.550839821,,0.828410387,1.178532302,2.773513079,,,0.509630442,,1.023419499,,,0.577895522,,,0.75745821,,,,,0.1871562,,0.288496256,1.062238097,1.685086012,0.153722644,1.458168268,1.269934893,1.735049248,0.522466183,0.227949142,,,,,,,0.206396282,,,1.645810604,0.52523613,0.544636846,,,,0.581262827,,0.474235296
0.354055113,0.269320726,1.317906141,0.689363489,0.742395282,0.921396653,0.380605245,0.677418351,1.205733538,0.387105942,0.106364727,0.769274712,0.648932377,,2.306357265,0.383352327,0.817135572,1.157390356,0.595550815,1.034498453,,0.727908611,,0.253684203,,0.220335722,2.599526644,0.628247023,0.139422655,,0.801604986,0.351588806,0.278593302,2.124101877,0.553228855,0.940473318,0.084071159,0.121180534,0.238124371,0.455913782,0.269715071,0.271447539,0.67740202,0.682986736,0.026160717,0.952561617,0.490369558,0.342021704,1.098566532,0.11452508,0.612713496,0.459548116,0.668201774,,0.544209003,,0.172807455,,0.355119944,,0.357912302,0.474899948,0.304616928,,0.924388647,1.227871752,,,,1.026744604,,0.743054032,,,1.197701931,,,1.388233542,,,,,0.267553806,,0.256768823,1.05614543,0.869709611,0.380728483,0.189202309,1.363500357,1.574753284,0.537678719,0.090010405,,,,,,,0.269875209,,,0.066735268,0.963221312,0.324472427,,,,0.765250683,,0.202672005
0.404724223,0.202749133,1.278555751,0.922440883,0.627417147,0.823829472,0.372519663,0.48620769,0.89539516,0.837932467,0.785825729,1.057941437,1.176440954,,1.451366305,1.064720631,0.755897045,0.892369906,0.632037997,0.891285499,,1.247871399,,0.442901373,,0.173887134,2.744555235,0.335521619,0.687996387,,0.14936471,0.126446724,1.927179098,0.296535134,0.682212949,0.571683884,0.207943678,0.278291345,0.637378514,0.688393116,0.665356636,0.790948391,1.22096022,0.536802769,0.121779442,,0.085604191,0.475937247,0.772834857,0.2007339,0.96097072,0.489254236,0.628878021,,0.491452694,,0.649440765,,0.47193265,,0.178465366,0.429493904,0.420416832,,0.840962648,1.246776402,,,,,,0.795532107,,,1.261479616,,,1.579916716,,,,,0.125832558,,0.383896589,,0.433742523,0.667749166,0.089594603,0.798651695,0.92633462,0.171494484,,,,,,,,0.244657516,,,,0.128385544,0.424199343,,,,,,0.4515903
0.65474087,0.917562962,1.311223626,0.632063448,0.748421351,1.60972023,0.53783981,0.193498373,1.331113259,0.510208964,0.921872377,0.393978953,0.581541181,,1.69900465,0.749151362,1.360430479,0.955869913,0.206285334,0.385219574,,0.194062948,,0.281666756,,1.089239597,0.011473656,0.637741327,0.099077463,,0.904503584,0.353575786,0.293311834,0.250216007,0.599901974,0.584457278,0.532440424,0.054615974,1.484269142,0.737823009,1.184530735,0.315795183,0.766665339,0.658387661,0.303648949,,0.372822642,0.741164351,1.034559488,1.171344519,0.696146011,0.521124363,1.016042193,,0.837957144,,0.644277334,,0.236548185,,0.301108122,0.342662493,0.605844975,,,0.566696215,,,,,,0.725177884,,,0.028760672,,,1.120933771,,,,,0.276601553,,0.007897377,,1.206337929,0.419517279,0.429531415,1.351924419,0.471844196,0.656624317,,,,,,,,0.235252142,,,,0.175684214,0.466340065,,,,,,0.275763512
0.566569873,0.970800161,0.894303481,0.921208494,0.843147914,0.682445586,0.642661005,0.319981432,1.229189754,0.468331575,0.498793125,1.139894962,0.599060297,,0.77927351,0.843308814,0.716870546,0.90530022,0.699331443,0.643164873,,0.306152821,,0.73065567,,0.062553644,1.24414897,0.408583498,0.090010405,,0.886662245,0.606335461,0.294948101,0.153494596,0.652371089,1.492950439,0.561438878,0.179290056,1.32153368,0.778263807,,0.259721518,0.632267952,0.632062674,0.416955709,,0.484157801,0.559626758,1.27301693,1.251628399,0.627257109,0.374908924,0.57621898,,,,0.370403647,,0.299114704,,,0.305441666,0.390753627,,,1.014571508,,,,,,0.544898868,,,1.136951208,,,0.706820488,,,,,0.767067194,,,,0.747951031,0.318699519,0.459089518,1.336891174,0.509153843,0.876410425,,,,,,,,0.146827936,,,,1.056125164,0.481266379,,,,,,0.308667421
0.257833242,0.439918637,0.799795628,0.736136389,1.144074488,0.460329103,0.480393505,0.41030407,1.303506931,0.724837303,0.53840812,0.794166644,0.326660514,,1.136875987,0.84208195,,0.904308319,0.569044454,0.401919842,,0.715336442,,0.701933702,,0.323655605,,0.385273695,0.739171028,,0.955261707,0.330496652,0.430096149,0.347998142,0.663248062,0.282343626,,0.083662391,1.150726398,0.867883444,,0.513044715,0.521194537,0.60329771,0.099421024,,0.348930359,1.583870411,1.261115074,,1.051342249,0.510515213,0.688959479,,,,0.465445161,,0.241826296,,,0.098099947,0.245910168,,,0.913763285,,,,,,1.459382534,,,0.942074299,,,0.807230353,,,,,0.710489035,,,,1.274159193,0.236470222,0.063954234,1.329098701,0.674198151,0.512530565,,,,,,,,0.162141085,,,,1.320158005,0.234156132,,,,,,0.496211529
0.486236413,0.489490747,0.104371309,0.828947365,0.605147266,0.582799792,0.305699646,0.236156464,1.230948051,0.419424057,0.240972281,0.634797573,0.5842031,,0.9583354,0.645585775,,1.202510675,0.531218767,0.255825281,,1.184860229,,0.547038078,,0.180161715,,0.618037581,0.033607006,,0.897289276,0.702804375,0.571266651,0.393137336,0.574242592,0.27684164,,0.082819462,0.792645812,0.767756701,,0.629695535,0.751566172,0.517213821,0.242966652,,0.311857224,0.426788807,0.868189931,,0.484159088,0.533482313,1.020225116,,,,0.267553806,,0.314447522,,,0.377558668,0.064323127,,,0.166049838,,,,,,1.072000146,,,,,,0.928717375,,,,,0.08282876,,,,0.626398325,0.38343668,0.403600693,,1.947312355,0.747450113,,,,,,,,0.028822899,,,,0.12702632,0.301318526,,,,,,0.177356005
0.690775871,0.030592918,0.767533779,0.710599022,0.725012779,0.779917479,0.58167693,0.985025883,2.250983238,0.486105084,0.318506956,0.534265359,0.326431115,,1.674311161,0.680806677,,1.134950304,0.609900534,1.245963812,,0.249755859,,0.500365973,,0.236963272,,0.100682855,0.462012053,,0.66130662,0.356497812,0.576760292,1.401253104,0.053479433,0.971565843,,0.232538223,0.450152755,0.662706534,,0.594429135,0.852686167,0.55430913,0.435593843,,,0.578285456,,,0.426306307,0.315244675,0.805999955,,,,0.198395014,,0.305523157,,,0.281832616,0.212264299,,,0.743435621,,,,,,1.166447719,,,,,,0.68633914,,,,,0.251744509,,,,0.452236414,0.007496119,0.588645697,,,0.801372409,,,,,,,,0.076200008,,,,,0.753420353,,,,,,0.562446594
0.664806498,0.289354324,1.214558125,0.701890569,0.970502424,0.828901196,0.475286841,0.489235067,1.608836889,0.469370127,0.458347559,0.437748432,0.46457386,,1.035786867,0.69420259,,1.34383142,0.843712943,0.994426489,,,,0.291533709,,0.688064814,,0.411915731,,,0.5,0.06839784,0.484784126,1.439977169,0.544209003,0.874498288,,,0.921474361,0.561212897,,0.847205877,0.416986346,0.790559769,0.44170475,,,0.6560781,,,0.650223653,0.887933969,1.087230861,,,,0.683489402,,0.671583176,,,0.220218738,0.359516978,,,0.636867364,,,,,,1.287912607,,,,,,1.075016896,,,,,,,,,1.12558651,0.49640584,0.371194601,,,0.594553947,,,,,,,,0.578966141,,,,,0.343234062,,,,,,0.441579819
0.490879893,0.093527317,0.043687344,0.729673756,1.032638516,0.346426368,0.618427694,0.571906845,1.120470762,0.421348214,0.235544205,0.564458927,0.642080784,,0.052372456,0.707011417,,0.953955507,0.519421617,0.503855705,,,,0.234699011,,0.058800459,,0.667282939,,,,0.671013141,0.463610888,0.330965281,0.65515089,0.692913949,,,0.522115469,0.228102684,,,0.213381529,,0.149798751,,,0.569411755,,,0.429461002,0.582709312,0.65615499,,,,0.631379128,,0.241744995,,,0.247505486,0.616890311,,,1.649012566,,,,,,1.816259623,,,,,,0.438587308,,,,,,,,,0.835049391,0.317315102,0.113595843,,,0.568161488,,,,,,,,0.438343763,,,,,0.604230642,,,,,,
0.486561775,0.116627932,0.765432715,0.918185089,0.861654711,0.39749527,0.448806953,0.156491439,1.212905765,0.37069869,0.519344568,0.854475498,0.51934123,,0.523730874,0.550509048,,1.378957152,0.647657394,0.462944031,,,,0.561893463,,0.922984362,,0.282194734,,,,0.202690542,0.307973862,1.466651758,0.617674112,0.85550642,,,1.443545818,0.895884991,,,0.159593821,,0.805594683,,,0.307221651,,,1.022558928,0.415253878,1.338391423,,,,0.394593,,0.338360906,,,0.378483931,0.095340729,,,2.079938412,,,,,,0.40548569,,,,,,0.166012287,,,,,,,,,0.580132842,0.087879896,0.03800106,,,0.883526921,,,,,,,,,,,,,0.331002951,,,,,,
0.446739435,0.414166689,0.023319721,0.78391938,0.799066424,0.684784253,0.780538951,0.489508724,0.966986656,0.429223776,0.506757259,0.570031961,0.555273533,,0.861069918,0.559787512,,1.034772237,0.723994374,0.461517096,,,,,,0.463706613,,0.711875439,,,,0.725154161,0.313875914,0.911625703,0.366965532,1.214852214,,,1.072555542,,,,1.516556621,,0.485697031,,,0.848099232,,,0.506656945,,0.837603882,,,,0.889185071,,0.49766469,,,0.356615702,0.182145754,,,1.026267469,,,,,,0.483049512,,,,,,0.268591642,,,,,,,,,0.529286385,0.336034616,1.046233892,,,0.673411608,,,,,,,,,,,,,0.301975012,,,,,,
0.459022215,0.932313522,1.129931927,0.7937175,0.934982777,1.329520702,0.580349922,0.176788211,0.979743004,,0.658398986,0.66783154,0.593718708,,1.373975197,0.8251134,,0.90252763,0.786633372,0.642184655,,,,,,0.932804465,,0.382420421,,,,0.587896287,0.355481625,1.453229189,0.702046633,0.630842924,,,0.652187983,,,,0.836611589,,0.281442563,,,0.390100241,,,0.611059546,,0.580162525,,,,1.010659456,,0.228121161,,,0.150550365,0.055017352,,,0.251307249,,,,,,0.501241446,,,,,,1.568018675,,,,,,,,,,,0.174750507,,,1.127614021,,,,,,,,,,,,,0.543553472,,,,,,
0.570479274,0.522336841,0.580420613,0.948315255,0.45925343,0.51315529,0.477598082,0.01383698,1.840181231,,0.340298772,0.593412042,0.370478988,,0.768924356,0.402124723,,1.092339873,0.627597623,,,,,,,0.03774786,,0.30656147,,,,0.699427366,,0.035263538,0.485697031,0.217095733,,,1.046818097,,,,1.703652143,,0.023054838,,,0.313913266,,,1.118869543,,0.504551888,,,,0.585278869,,,,,0.286249459,0.211020152,,,0.450296402,,,,,,0.552818894,,,,,,,,,,,,,,,,,0.28341496,,,0.627330144,,,,,,,,,,,,,,,,,,,
0.440700974,0.00398612,0.11629045,0.754705705,0.856168604,0.856917461,0.592197418,0.302574253,1.278561115,,,,0.590328336,,2.12702632,0.840005824,,0.83381021,0.682410649,,,,,,,,,0.377200842,,,,0.506087542,,1.446191788,0.532440424,0.658761621,,,0.393548568,,,,1.287891388,,0.591090918,,,0.436452627,,,0.386443198,,0.750615968,,,,0.184530735,,,,,1.265767813,0.214394172,,,0.63753283,,,,,,0.589664936,,,,,,,,,,,,,,,,,1.257708311,,,,,,,,,,,,,,,,,,,,,,
0.809087157,0.290937424,,0.89335767,1.211652199,0.656783533,0.228868246,0.588148165,0.998924732,,,,0.0331738,,0.821354151,0.853400469,,0.934312105,0.691282153,,,,,,,,,0.420721054,,,,0.528439601,,,0.356761694,0.989149451,,,0.533104022,,,,1.10419023,,,,,0.96765101,,,0.770439923,,0.831266615,,,,,,,,,0.314159989,0.893962383,,,0.612034559,,,,,,0.184530735,,,,,,,,,,,,,,,,,,,,,,,,,,,,,,,,,,,,,,,
0.564882318,0.049402237,,0.708400233,0.8529495,0.497933865,0.622841024,0.10932976,1.429736614,,,,0.476670265,,,0.783613443,,0.894342721,1.014792252,,,,,,,,,0.34925727,,,,0.879173835,,,0.648174524,,,,1.063894033,,,,1.413440228,,,,,0.336026192,,,0.613947789,,1.002022914,,,,,,,,,0.376317143,0.234068632,,,0.870560805,,,,,,,,,,,,,,,,,,,,,,,,,,,,,,,,,,,,,,,,,,,,,
0.558615357,0.821354151,,0.931548467,1.329087973,0.368759108,0.427375734,,1.982982516,,,,0.32790482,,,0.70729957,,,0.841005683,,,,,,,,,0.516648372,,,,0.365902042,,,,,,,,,,,,,,,,0.846772909,,,0.655699015,,0.579548311,,,,,,,,,0.150836229,,,,0.841280063,,,,,,,,,,,,,,,,,,,,,,,,,,,,,,,,,,,,,,,,,,,,,
0.505094051,,,0.812461396,,1.092269023,0.608395656,,,,,,0.401168903,,,0.929625815,,,0.42339774,,,,,,,,,,,,,0.933696508,,,,,,,,,,,,,,,,,,,,,1.022415195,,,,,,,,,,,,,0.833041251,,,,,,,,,,,,,,,,,,,,,,,,,,,,,,,,,,,,,,,,,,,,,
,,,,,,,,,,,,,,,,,,,,,,,,,,,,,,,,,,,,,,,,,,,,,,,,,,,,,,,,,,,,,,,,,,,,,,,,,,,,,,,,,,,,,,,,,,,,,,,,,,,,,,,,,,,,,,
0.548812263,0.390214447,0.701507791,0.821455926,0.842084859,0.754336256,0.510369388,0.369077341,1.3891201,0.552360523,0.517733094,0.621277928,0.468249677,0.342061853,1.085110478,0.730980863,0.988573641,0.984700134,0.632025323,0.72625728,2.027617829,0.685471733,0.217292179,0.381239853,0.155109145,0.368113899,1.227614845,0.501553022,0.411256709,0.261624847,0.695866984,0.561725787,0.46624816,0.896836768,0.543941156,0.694583982,0.476390277,0.233901965,0.780294785,0.694518846,0.908729251,0.528452873,0.823889956,0.724468225,0.28146401,0.643258682,0.333527029,0.607251679,0.91456432,0.710496478,0.694939289,0.530687825,0.743099965,0.221451857,0.495446634,0.818707108,0.549198823,1.948003905,0.350827505,1.531338851,0.264183267,0.345415088,0.327696449,1.31778276,0.85516744,0.82960133,2.629063129,0.226982445,0.052794635,0.659477637,0.152536631,0.707133989,0.825349678,0.456464503,0.714010947,0.140129447,0.604624927,0.899532013,0.040406068,0.452972561,0.197415769,0.04805882,0.382414655,0.532578659,0.215197015,1.013493217,0.684533371,0.353015221,0.521853345,1.287331308,1.200077136,0.760360483,0.231203153,0.993112731,0.164123416,1.332332164,0.293306669,0.331102085,0.206144333,0.22560832,0.066453934,0.494074106,0.802367467,0.695912096,0.424848201,0.935950007,0.813681296,0.906590462,0.890903968,1.151627034,0.344999546