{"1": {"url": "https://api.github.com/repos/stefanfoulis/django-filer/pulls/1", "id": 130345489, "node_id": "MDExOlB1bGxSZXF1ZXN0MTMwMzQ1NDg5", "html_url": "https://github.com/stefanfoulis/django-filer/pull/1", "diff_url": "https://github.com/stefanfoulis/django-filer/pull/1.diff", "patch_url": "https://github.com/stefanfoulis/django-filer/pull/1.patch", "issue_url": "https://api.github.com/repos/stefanfoulis/django-filer/issues/1", "number": 1, "state": "closed", "locked": false, "title": "Draft/Live support for Files", "user": {"login": "stefanfoulis", "id": 14330, "node_id": "MDQ6VXNlcjE0MzMw", "avatar_url": "https://avatars0.githubusercontent.com/u/14330?v=4", "gravatar_id": "", "url": "https://api.github.com/users/stefanfoulis", "html_url": "https://github.com/stefanfoulis", "followers_url": "https://api.github.com/users/stefanfoulis/followers", "following_url": "https://api.github.com/users/stefanfoulis/following{/other_user}", "gists_url": "https://api.github.com/users/stefanfoulis/gists{/gist_id}", "starred_url": "https://api.github.com/users/stefanfoulis/starred{/owner}{/repo}", "subscriptions_url": "https://api.github.com/users/stefanfoulis/subscriptions", "organizations_url": "https://api.github.com/users/stefanfoulis/orgs", "repos_url": "https://api.github.com/users/stefanfoulis/repos", "events_url": "https://api.github.com/users/stefanfoulis/events{/privacy}", "received_events_url": "https://api.github.com/users/stefanfoulis/received_events", "type": "User", "site_admin": false}, "body": null, "created_at": "2017-07-13T11:16:09Z", "updated_at": "2017-07-13T11:18:00Z", "closed_at": "2017-07-13T11:18:00Z", "merged_at": null, "merge_commit_sha": "41a293d656ad24ca92f66889666a2af9fdaf18d4", "assignee": {"login": "stefanfoulis", "id": 14330, "node_id": "MDQ6VXNlcjE0MzMw", "avatar_url": "https://avatars0.githubusercontent.com/u/14330?v=4", "gravatar_id": "", "url": "https://api.github.com/users/stefanfoulis", "html_url": "https://github.com/stefanfoulis", "followers_url": "https://api.github.com/users/stefanfoulis/followers", "following_url": "https://api.github.com/users/stefanfoulis/following{/other_user}", "gists_url": "https://api.github.com/users/stefanfoulis/gists{/gist_id}", "starred_url": "https://api.github.com/users/stefanfoulis/starred{/owner}{/repo}", "subscriptions_url": "https://api.github.com/users/stefanfoulis/subscriptions", "organizations_url": "https://api.github.com/users/stefanfoulis/orgs", "repos_url": "https://api.github.com/users/stefanfoulis/repos", "events_url": "https://api.github.com/users/stefanfoulis/events{/privacy}", "received_events_url": "https://api.github.com/users/stefanfoulis/received_events", "type": "User", "site_admin": false}, "assignees": [{"login": "stefanfoulis", "id": 14330, "node_id": "MDQ6VXNlcjE0MzMw", "avatar_url": "https://avatars0.githubusercontent.com/u/14330?v=4", "gravatar_id": "", "url": "https://api.github.com/users/stefanfoulis", "html_url": "https://github.com/stefanfoulis", "followers_url": "https://api.github.com/users/stefanfoulis/followers", "following_url": "https://api.github.com/users/stefanfoulis/following{/other_user}", "gists_url": "https://api.github.com/users/stefanfoulis/gists{/gist_id}", "starred_url": "https://api.github.com/users/stefanfoulis/starred{/owner}{/repo}", "subscriptions_url": "https://api.github.com/users/stefanfoulis/subscriptions", "organizations_url": "https://api.github.com/users/stefanfoulis/orgs", "repos_url": "https://api.github.com/users/stefanfoulis/repos", "events_url": "https://api.github.com/users/stefanfoulis/events{/privacy}", "received_events_url": "https://api.github.com/users/stefanfoulis/received_events", "type": "User", "site_admin": false}], "requested_reviewers": [], "requested_teams": [], "labels": [], "milestone": null, "commits_url": "https://api.github.com/repos/stefanfoulis/django-filer/pulls/1/commits", "review_comments_url": "https://api.github.com/repos/stefanfoulis/django-filer/pulls/1/comments", "review_comment_url": "https://api.github.com/repos/stefanfoulis/django-filer/pulls/comments{/number}", "comments_url": "https://api.github.com/repos/stefanfoulis/django-filer/issues/1/comments", "statuses_url": "https://api.github.com/repos/stefanfoulis/django-filer/statuses/9e658b8841d769a26360abcf639a532cce94ccd6", "head": {"label": "stefanfoulis:feature/draft-live", "ref": "feature/draft-live", "sha": "9e658b8841d769a26360abcf639a532cce94ccd6", "user": {"login": "stefanfoulis", "id": 14330, "node_id": "MDQ6VXNlcjE0MzMw", "avatar_url": "https://avatars0.githubusercontent.com/u/14330?v=4", "gravatar_id": "", "url": "https://api.github.com/users/stefanfoulis", "html_url": "https://github.com/stefanfoulis", "followers_url": "https://api.github.com/users/stefanfoulis/followers", "following_url": "https://api.github.com/users/stefanfoulis/following{/other_user}", "gists_url": "https://api.github.com/users/stefanfoulis/gists{/gist_id}", "starred_url": "https://api.github.com/users/stefanfoulis/starred{/owner}{/repo}", "subscriptions_url": "https://api.github.com/users/stefanfoulis/subscriptions", "organizations_url": "https://api.github.com/users/stefanfoulis/orgs", "repos_url": "https://api.github.com/users/stefanfoulis/repos", "events_url": "https://api.github.com/users/stefanfoulis/events{/privacy}", "received_events_url": "https://api.github.com/users/stefanfoulis/received_events", "type": "User", "site_admin": false}, "repo": {"id": 97114162, "node_id": "MDEwOlJlcG9zaXRvcnk5NzExNDE2Mg==", "name": "django-filer", "full_name": "stefanfoulis/django-filer", "owner": {"login": "stefanfoulis", "id": 14330, "node_id": "MDQ6VXNlcjE0MzMw", "avatar_url": "https://avatars0.githubusercontent.com/u/14330?v=4", "gravatar_id": "", "url": "https://api.github.com/users/stefanfoulis", "html_url": "https://github.com/stefanfoulis", "followers_url": "https://api.github.com/users/stefanfoulis/followers", "following_url": "https://api.github.com/users/stefanfoulis/following{/other_user}", "gists_url": "https://api.github.com/users/stefanfoulis/gists{/gist_id}", "starred_url": "https://api.github.com/users/stefanfoulis/starred{/owner}{/repo}", "subscriptions_url": "https://api.github.com/users/stefanfoulis/subscriptions", "organizations_url": "https://api.github.com/users/stefanfoulis/orgs", "repos_url": "https://api.github.com/users/stefanfoulis/repos", "events_url": "https://api.github.com/users/stefanfoulis/events{/privacy}", "received_events_url": "https://api.github.com/users/stefanfoulis/received_events", "type": "User", "site_admin": false}, "private": false, "html_url": "https://github.com/stefanfoulis/django-filer", "description": "This is my personal fork! The real repo is now at ", "fork": true, "url": "https://api.github.com/repos/stefanfoulis/django-filer", "forks_url": "https://api.github.com/repos/stefanfoulis/django-filer/forks", "keys_url": "https://api.github.com/repos/stefanfoulis/django-filer/keys{/key_id}", "collaborators_url": "https://api.github.com/repos/stefanfoulis/django-filer/collaborators{/collaborator}", "teams_url": "https://api.github.com/repos/stefanfoulis/django-filer/teams", "hooks_url": "https://api.github.com/repos/stefanfoulis/django-filer/hooks", "issue_events_url": "https://api.github.com/repos/stefanfoulis/django-filer/issues/events{/number}", "events_url": "https://api.github.com/repos/stefanfoulis/django-filer/events", "assignees_url": "https://api.github.com/repos/stefanfoulis/django-filer/assignees{/user}", "branches_url": "https://api.github.com/repos/stefanfoulis/django-filer/branches{/branch}", "tags_url": "https://api.github.com/repos/stefanfoulis/django-filer/tags", "blobs_url": "https://api.github.com/repos/stefanfoulis/django-filer/git/blobs{/sha}", "git_tags_url": "https://api.github.com/repos/stefanfoulis/django-filer/git/tags{/sha}", "git_refs_url": "https://api.github.com/repos/stefanfoulis/django-filer/git/refs{/sha}", "trees_url": "https://api.github.com/repos/stefanfoulis/django-filer/git/trees{/sha}", "statuses_url": "https://api.github.com/repos/stefanfoulis/django-filer/statuses/{sha}", "languages_url": "https://api.github.com/repos/stefanfoulis/django-filer/languages", "stargazers_url": "https://api.github.com/repos/stefanfoulis/django-filer/stargazers", "contributors_url": "https://api.github.com/repos/stefanfoulis/django-filer/contributors", "subscribers_url": "https://api.github.com/repos/stefanfoulis/django-filer/subscribers", "subscription_url": "https://api.github.com/repos/stefanfoulis/django-filer/subscription", "commits_url": "https://api.github.com/repos/stefanfoulis/django-filer/commits{/sha}", "git_commits_url": "https://api.github.com/repos/stefanfoulis/django-filer/git/commits{/sha}", "comments_url": "https://api.github.com/repos/stefanfoulis/django-filer/comments{/number}", "issue_comment_url": "https://api.github.com/repos/stefanfoulis/django-filer/issues/comments{/number}", "contents_url": "https://api.github.com/repos/stefanfoulis/django-filer/contents/{+path}", "compare_url": "https://api.github.com/repos/stefanfoulis/django-filer/compare/{base}...{head}", "merges_url": "https://api.github.com/repos/stefanfoulis/django-filer/merges", "archive_url": "https://api.github.com/repos/stefanfoulis/django-filer/{archive_format}{/ref}", "downloads_url": "https://api.github.com/repos/stefanfoulis/django-filer/downloads", "issues_url": "https://api.github.com/repos/stefanfoulis/django-filer/issues{/number}", "pulls_url": "https://api.github.com/repos/stefanfoulis/django-filer/pulls{/number}", "milestones_url": "https://api.github.com/repos/stefanfoulis/django-filer/milestones{/number}", "notifications_url": "https://api.github.com/repos/stefanfoulis/django-filer/notifications{?since,all,participating}", "labels_url": "https://api.github.com/repos/stefanfoulis/django-filer/labels{/name}", "releases_url": "https://api.github.com/repos/stefanfoulis/django-filer/releases{/id}", "deployments_url": "https://api.github.com/repos/stefanfoulis/django-filer/deployments", "created_at": "2017-07-13T11:15:38Z", "updated_at": "2018-07-30T10:40:08Z", "pushed_at": "2017-08-09T12:22:21Z", "git_url": "git://github.com/stefanfoulis/django-filer.git", "ssh_url": "git@github.com:stefanfoulis/django-filer.git", "clone_url": "https://github.com/stefanfoulis/django-filer.git", "svn_url": "https://github.com/stefanfoulis/django-filer", "homepage": "https://github.com/divio/django-filer", "size": 8212, "stargazers_count": 4, "watchers_count": 4, "language": "Python", "has_issues": false, "has_projects": false, "has_downloads": true, "has_wiki": false, "has_pages": false, "forks_count": 1, "mirror_url": null, "archived": false, "open_issues_count": 0, "license": {"key": "bsd-3-clause", "name": "BSD 3-Clause \"New\" or \"Revised\" License", "spdx_id": "BSD-3-Clause", "url": "https://api.github.com/licenses/bsd-3-clause", "node_id": "MDc6TGljZW5zZTU="}, "forks": 1, "open_issues": 0, "watchers": 4, "default_branch": "develop"}}, "base": {"label": "stefanfoulis:develop", "ref": "develop", "sha": "2f86f18c26a9900f687bedff3526081d144f1367", "user": {"login": "stefanfoulis", "id": 14330, "node_id": "MDQ6VXNlcjE0MzMw", "avatar_url": "https://avatars0.githubusercontent.com/u/14330?v=4", "gravatar_id": "", "url": "https://api.github.com/users/stefanfoulis", "html_url": "https://github.com/stefanfoulis", "followers_url": "https://api.github.com/users/stefanfoulis/followers", "following_url": "https://api.github.com/users/stefanfoulis/following{/other_user}", "gists_url": "https://api.github.com/users/stefanfoulis/gists{/gist_id}", "starred_url": "https://api.github.com/users/stefanfoulis/starred{/owner}{/repo}", "subscriptions_url": "https://api.github.com/users/stefanfoulis/subscriptions", "organizations_url": "https://api.github.com/users/stefanfoulis/orgs", "repos_url": "https://api.github.com/users/stefanfoulis/repos", "events_url": "https://api.github.com/users/stefanfoulis/events{/privacy}", "received_events_url": "https://api.github.com/users/stefanfoulis/received_events", "type": "User", "site_admin": false}, "repo": {"id": 97114162, "node_id": "MDEwOlJlcG9zaXRvcnk5NzExNDE2Mg==", "name": "django-filer", "full_name": "stefanfoulis/django-filer", "owner": {"login": "stefanfoulis", "id": 14330, "node_id": "MDQ6VXNlcjE0MzMw", "avatar_url": "https://avatars0.githubusercontent.com/u/14330?v=4", "gravatar_id": "", "url": "https://api.github.com/users/stefanfoulis", "html_url": "https://github.com/stefanfoulis", "followers_url": "https://api.github.com/users/stefanfoulis/followers", "following_url": "https://api.github.com/users/stefanfoulis/following{/other_user}", "gists_url": "https://api.github.com/users/stefanfoulis/gists{/gist_id}", "starred_url": "https://api.github.com/users/stefanfoulis/starred{/owner}{/repo}", "subscriptions_url": "https://api.github.com/users/stefanfoulis/subscriptions", "organizations_url": "https://api.github.com/users/stefanfoulis/orgs", "repos_url": "https://api.github.com/users/stefanfoulis/repos", "events_url": "https://api.github.com/users/stefanfoulis/events{/privacy}", "received_events_url": "https://api.github.com/users/stefanfoulis/received_events", "type": "User", "site_admin": false}, "private": false, "html_url": "https://github.com/stefanfoulis/django-filer", "description": "This is my personal fork! The real repo is now at ", "fork": true, "url": "https://api.github.com/repos/stefanfoulis/django-filer", "forks_url": "https://api.github.com/repos/stefanfoulis/django-filer/forks", "keys_url": "https://api.github.com/repos/stefanfoulis/django-filer/keys{/key_id}", "collaborators_url": "https://api.github.com/repos/stefanfoulis/django-filer/collaborators{/collaborator}", "teams_url": "https://api.github.com/repos/stefanfoulis/django-filer/teams", "hooks_url": "https://api.github.com/repos/stefanfoulis/django-filer/hooks", "issue_events_url": "https://api.github.com/repos/stefanfoulis/django-filer/issues/events{/number}", "events_url": "https://api.github.com/repos/stefanfoulis/django-filer/events", "assignees_url": "https://api.github.com/repos/stefanfoulis/django-filer/assignees{/user}", "branches_url": "https://api.github.com/repos/stefanfoulis/django-filer/branches{/branch}", "tags_url": "https://api.github.com/repos/stefanfoulis/django-filer/tags", "blobs_url": "https://api.github.com/repos/stefanfoulis/django-filer/git/blobs{/sha}", "git_tags_url": "https://api.github.com/repos/stefanfoulis/django-filer/git/tags{/sha}", "git_refs_url": "https://api.github.com/repos/stefanfoulis/django-filer/git/refs{/sha}", "trees_url": "https://api.github.com/repos/stefanfoulis/django-filer/git/trees{/sha}", "statuses_url": "https://api.github.com/repos/stefanfoulis/django-filer/statuses/{sha}", "languages_url": "https://api.github.com/repos/stefanfoulis/django-filer/languages", "stargazers_url": "https://api.github.com/repos/stefanfoulis/django-filer/stargazers", "contributors_url": "https://api.github.com/repos/stefanfoulis/django-filer/contributors", "subscribers_url": "https://api.github.com/repos/stefanfoulis/django-filer/subscribers", "subscription_url": "https://api.github.com/repos/stefanfoulis/django-filer/subscription", "commits_url": "https://api.github.com/repos/stefanfoulis/django-filer/commits{/sha}", "git_commits_url": "https://api.github.com/repos/stefanfoulis/django-filer/git/commits{/sha}", "comments_url": "https://api.github.com/repos/stefanfoulis/django-filer/comments{/number}", "issue_comment_url": "https://api.github.com/repos/stefanfoulis/django-filer/issues/comments{/number}", "contents_url": "https://api.github.com/repos/stefanfoulis/django-filer/contents/{+path}", "compare_url": "https://api.github.com/repos/stefanfoulis/django-filer/compare/{base}...{head}", "merges_url": "https://api.github.com/repos/stefanfoulis/django-filer/merges", "archive_url": "https://api.github.com/repos/stefanfoulis/django-filer/{archive_format}{/ref}", "downloads_url": "https://api.github.com/repos/stefanfoulis/django-filer/downloads", "issues_url": "https://api.github.com/repos/stefanfoulis/django-filer/issues{/number}", "pulls_url": "https://api.github.com/repos/stefanfoulis/django-filer/pulls{/number}", "milestones_url": "https://api.github.com/repos/stefanfoulis/django-filer/milestones{/number}", "notifications_url": "https://api.github.com/repos/stefanfoulis/django-filer/notifications{?since,all,participating}", "labels_url": "https://api.github.com/repos/stefanfoulis/django-filer/labels{/name}", "releases_url": "https://api.github.com/repos/stefanfoulis/django-filer/releases{/id}", "deployments_url": "https://api.github.com/repos/stefanfoulis/django-filer/deployments", "created_at": "2017-07-13T11:15:38Z", "updated_at": "2018-07-30T10:40:08Z", "pushed_at": "2017-08-09T12:22:21Z", "git_url": "git://github.com/stefanfoulis/django-filer.git", "ssh_url": "git@github.com:stefanfoulis/django-filer.git", "clone_url": "https://github.com/stefanfoulis/django-filer.git", "svn_url": "https://github.com/stefanfoulis/django-filer", "homepage": "https://github.com/divio/django-filer", "size": 8212, "stargazers_count": 4, "watchers_count": 4, "language": "Python", "has_issues": false, "has_projects": false, "has_downloads": true, "has_wiki": false, "has_pages": false, "forks_count": 1, "mirror_url": null, "archived": false, "open_issues_count": 0, "license": {"key": "bsd-3-clause", "name": "BSD 3-Clause \"New\" or \"Revised\" License", "spdx_id": "BSD-3-Clause", "url": "https://api.github.com/licenses/bsd-3-clause", "node_id": "MDc6TGljZW5zZTU="}, "forks": 1, "open_issues": 0, "watchers": 4, "default_branch": "develop"}}, "_links": {"self": {"href": "https://api.github.com/repos/stefanfoulis/django-filer/pulls/1"}, "html": {"href": "https://github.com/stefanfoulis/django-filer/pull/1"}, "issue": {"href": "https://api.github.com/repos/stefanfoulis/django-filer/issues/1"}, "comments": {"href": "https://api.github.com/repos/stefanfoulis/django-filer/issues/1/comments"}, "review_comments": {"href": "https://api.github.com/repos/stefanfoulis/django-filer/pulls/1/comments"}, "review_comment": {"href": "https://api.github.com/repos/stefanfoulis/django-filer/pulls/comments{/number}"}, "commits": {"href": "https://api.github.com/repos/stefanfoulis/django-filer/pulls/1/commits"}, "statuses": {"href": "https://api.github.com/repos/stefanfoulis/django-filer/statuses/9e658b8841d769a26360abcf639a532cce94ccd6"}}, "author_association": "OWNER", "merged": false, "mergeable": null, "rebaseable": null, "mergeable_state": "unknown", "merged_by": null, "comments": 0, "review_comments": 0, "maintainer_can_modify": false, "commits": 1, "additions": 5, "deletions": 0, "changed_files": 2}}